creator_id,name,name_kana,notes,source_url,created_at,updated_at
C00001,山崎あおい,,,https://helloproject.com/juicejuice/release/6692/,2026-09-25T07:31:25+00:00,2026-09-25T07:31:25+00:00
C00002,KOUGA,,,https://helloproject.com/juicejuice/release/6692/,2026-09-25T07:31:25+00:00,2026-09-25T07:31:25+00:00
C00003,中島卓偉,,,https://helloproject.com/juicejuice/release/6692/,2026-09-25T07:31:25+00:00,2026-09-25T07:31:25+00:00
C00004,三浦徳子,,,https://helloproject.com/juicejuice/release/6692/,2026-09-25T07:31:25+00:00,2026-09-25T07:31:25+00:00
C00005,炭竃智弘,,,https://helloproject.com/juicejuice/release/6692/,2026-09-25T07:31:25+00:00,2026-09-25T07:31:25+00:00
C00006,児玉雨子,,,https://helloproject.com/juicejuice/release/6692/,2026-09-25T07:31:25+00:00,2026-09-25T07:31:25+00:00
C00007,KAN,,,https://helloproject.com/juicejuice/release/6692/,2026-09-25T07:31:25+00:00,2026-09-25T07:31:25+00:00
C00008,星部ショウ,,,https://helloproject.com/juicejuice/release/6692/,2026-09-25T07:31:25+00:00,2026-09-25T07:31:25+00:00
C00009,平田祥一郎,,,https://helloproject.com/juicejuice/release/6692/,2026-09-25T07:31:25+00:00,2026-09-25T07:31:25+00:00
C00010,Shusui,,,https://helloproject.com/juicejuice/release/6692/,2026-09-25T07:31:25+00:00,2026-09-25T07:31:25+00:00
C00011,Josef Melin,,,https://helloproject.com/juicejuice/release/6692/,2026-09-25T07:31:25+00:00,2026-09-25T07:31:25+00:00
C00012,近藤薫,,,https://helloproject.com/juicejuice/release/6692/,2026-09-25T07:31:25+00:00,2026-09-25T07:31:25+00:00
C00013,上杉洋史,,,https://helloproject.com/juicejuice/release/6692/,2026-09-25T07:31:25+00:00,2026-09-25T07:31:25+00:00
C00014,伊藤銀次,,,https://helloproject.com/juicejuice/release/6692/,2026-09-25T07:31:25+00:00,2026-09-25T07:31:25+00:00
C00015,山下達郎,,,https://helloproject.com/juicejuice/release/6692/,2026-09-25T07:31:25+00:00,2026-09-25T07:31:25+00:00
C00016,Anders Dannvik,,,https://helloproject.com/juicejuice/release/6692/,2026-09-25T07:31:25+00:00,2026-09-25T07:31:25+00:00
C00017,竹内まりや,,,https://helloproject.com/juicejuice/release/6692/,2026-09-25T07:31:25+00:00,2026-09-25T07:31:25+00:00
C00018,Stefan Ekstedt,,,https://helloproject.com/juicejuice/release/6692/,2026-09-25T07:31:25+00:00,2026-09-25T07:31:25+00:00
C00019,大森祥子,,,https://helloproject.com/juicejuice/release/6692/,2026-09-25T07:31:25+00:00,2026-09-25T07:31:25+00:00
C00020,NOBE,,,https://helloproject.com/juicejuice/release/6692/,2026-09-25T07:31:25+00:00,2026-09-25T07:31:25+00:00
C00021,Andreas Öhrn,,,https://helloproject.com/juicejuice/release/6692/,2026-09-25T07:31:25+00:00,2026-09-25T07:31:25+00:00
C00022,Henrik Smith,,,https://helloproject.com/juicejuice/release/6692/,2026-09-25T07:31:25+00:00,2026-09-25T07:31:25+00:00
C00023,Olof Lindskog,,,https://helloproject.com/juicejuice/release/6692/,2026-09-25T07:31:25+00:00,2026-09-25T07:31:25+00:00
C00024,オオヤギヒロオ,,,https://helloproject.com/juicejuice/release/6692/,2026-09-25T07:31:25+00:00,2026-09-25T07:31:25+00:00
C00025,松井寛,,,https://helloproject.com/juicejuice/release/6692/,2026-09-25T07:31:25+00:00,2026-09-25T07:31:25+00:00
C00026,唐沢美帆,,,https://helloproject.com/juicejuice/release/6692/,2026-09-25T07:31:25+00:00,2026-09-25T07:31:25+00:00
C00027,井筒日美,,,https://helloproject.com/juicejuice/release/6692/,2026-09-25T07:31:25+00:00,2026-09-25T07:31:25+00:00
C00028,つんく,,,https://helloproject.com/juicejuice/release/6692/,2026-09-25T07:31:25+00:00,2026-09-25T07:31:25+00:00
C00029,高橋諭一,,,https://helloproject.com/juicejuice/release/6692/,2026-09-25T07:31:25+00:00,2026-09-25T07:31:25+00:00
C00030,大久保薫,,,https://helloproject.com/juicejuice/release/6692/,2026-09-25T07:31:25+00:00,2026-09-25T07:31:25+00:00
C00031,イイジマケン,,,https://helloproject.com/juicejuice/release/6692/,2026-09-25T07:31:25+00:00,2026-09-25T07:31:25+00:00
