member_id,name,name_kana,birth_date,notes,source_url,created_at,updated_at
P00001,宮本佳林,,,曲名中のKarinとの人物同定はユーザー確認により確定。,https://helloproject.com/juicejuice/release/6692/,2026-09-25T07:31:25+00:00,2026-09-25T07:31:25+00:00
P00002,金澤朋子,,,Special Editionの曲名に明記されたソロVersion歌唱者として登録。,https://helloproject.com/juicejuice/release/detail/UFDL-1473/,2026-09-29T11:59:27+00:00,2026-09-29T11:59:27+00:00
P00003,植村あかり,,,Special Editionの曲名に明記されたソロVersion歌唱者として登録。,https://helloproject.com/juicejuice/release/detail/UFDL-1473/,2026-09-29T11:59:27+00:00,2026-09-29T11:59:27+00:00
P00004,稲場愛香,,,Special Editionの曲名に明記されたソロVersion歌唱者として登録。,https://helloproject.com/juicejuice/release/detail/UFDL-1473/,2026-09-29T11:59:27+00:00,2026-09-29T11:59:27+00:00
P00005,井上玲音,,,Special Editionの曲名に明記されたソロVersion歌唱者として登録。,https://helloproject.com/juicejuice/release/detail/UFDL-1473/,2026-09-29T11:59:27+00:00,2026-09-29T11:59:27+00:00
P00006,段原瑠々,,,Special Editionの曲名に明記されたソロVersion歌唱者として登録。,https://helloproject.com/juicejuice/release/detail/UFDL-1473/,2026-09-29T11:59:27+00:00,2026-09-29T11:59:27+00:00
P00007,工藤由愛,,,Special Editionの曲名に明記されたソロVersion歌唱者として登録。,https://helloproject.com/juicejuice/release/detail/UFDL-1473/,2026-09-29T11:59:27+00:00,2026-09-29T11:59:27+00:00
P00008,松永里愛,,,Special Editionの曲名に明記されたソロVersion歌唱者として登録。,https://helloproject.com/juicejuice/release/detail/UFDL-1473/,2026-09-29T11:59:27+00:00,2026-09-29T11:59:27+00:00
P00009,宮崎由加,,,公式albumの個人歌唱creditに基づき登録。,https://helloproject.com/release/4204/,2026-10-04T11:34:43+00:00,2026-10-04T11:34:43+00:00
P00010,高木紗友希,,,公式albumの個人歌唱creditに基づき登録。,https://helloproject.com/release/4204/,2026-10-04T11:34:43+00:00,2026-10-04T11:34:43+00:00
P00011,梁川奈々美,,,公式albumの個人歌唱creditに基づき登録。,https://helloproject.com/release/5684/,2026-10-04T15:00:00+00:00,2026-10-04T15:00:00+00:00
P00012,有澤一華,,,公式albumの個人歌唱creditに基づき登録。,https://helloproject.com/juicejuice/release/7056/?pc=1,2026-10-04T16:00:00+00:00,2026-10-04T16:00:00+00:00
P00013,入江里咲,,,公式albumの個人歌唱creditに基づき登録。,https://helloproject.com/juicejuice/release/7056/?pc=1,2026-10-04T16:00:00+00:00,2026-10-04T16:00:00+00:00
P00014,江端妃咲,,,公式albumの個人歌唱creditに基づき登録。,https://helloproject.com/juicejuice/release/7056/?pc=1,2026-10-04T16:00:00+00:00,2026-10-04T16:00:00+00:00
P00015,石山咲良,,,公式albumの個人歌唱creditに基づき登録。,https://helloproject.com/juicejuice/release/7056/?pc=1,2026-10-04T16:00:00+00:00,2026-10-04T16:00:00+00:00
P00016,遠藤彩加里,,,公式albumの個人歌唱creditに基づき登録。,https://helloproject.com/juicejuice/release/7056/?pc=1,2026-10-04T16:00:00+00:00,2026-10-04T16:00:00+00:00
P00017,川嶋美楓,,,公式albumの個人歌唱creditに基づき登録。,https://helloproject.com/juicejuice/release/7056/?pc=1,2026-10-04T16:00:00+00:00,2026-10-04T16:00:00+00:00
