release_id,title,release_type,release_date,catalog_number,notes,source_url,created_at,updated_at
L00001,3rdアルバム「terzo」,album,2022-04-20,HKCN-50700,初回生産限定盤A（2CD＋Blu-ray）,https://helloproject.com/juicejuice/release/6692/,2026-09-25T07:31:25+00:00,2026-09-25T07:31:25+00:00
L00002,3rdアルバム「terzo」,album,2022-04-20,HKCN-50703,初回生産限定盤B（2CD＋Blu-ray）,https://helloproject.com/juicejuice/release/6692/,2026-09-25T07:31:25+00:00,2026-09-25T07:31:25+00:00
L00003,3rdアルバム「terzo」,album,2022-04-20,HKCN-50706,通常盤（2CD）,https://helloproject.com/juicejuice/release/6692/,2026-09-25T07:31:25+00:00,2026-09-25T07:31:25+00:00
L00004,微炭酸／ポツリと／Good bye & Good luck！,single,2019-02-13,HKCN-50580,初回生産限定盤A,https://helloproject.com/release/detail/HKCN-50580/?pc=1,2026-09-26T16:43:46+00:00,2026-09-26T16:43:46+00:00
L00005,微炭酸／ポツリと／Good bye & Good luck！,single,2019-02-13,HKCN-50582,初回生産限定盤B,https://helloproject.com/release/detail/HKCN-50580/?pc=1,2026-09-26T16:43:46+00:00,2026-09-26T16:43:46+00:00
L00006,微炭酸／ポツリと／Good bye & Good luck！,single,2019-02-13,HKCN-50584,初回生産限定盤C,https://helloproject.com/release/detail/HKCN-50580/?pc=1,2026-09-26T16:43:46+00:00,2026-09-26T16:43:46+00:00
L00007,微炭酸／ポツリと／Good bye & Good luck！,single,2019-02-13,HKCN-50586,初回生産限定盤SP,https://helloproject.com/release/detail/HKCN-50580/?pc=1,2026-09-26T16:43:46+00:00,2026-09-26T16:43:46+00:00
L00008,微炭酸／ポツリと／Good bye & Good luck！,single,2019-02-13,HKCN-50588,通常盤A,https://helloproject.com/release/detail/HKCN-50580/?pc=1,2026-09-26T16:43:46+00:00,2026-09-26T16:43:46+00:00
L00009,微炭酸／ポツリと／Good bye & Good luck！,single,2019-02-13,HKCN-50589,通常盤B,https://helloproject.com/release/detail/HKCN-50580/?pc=1,2026-09-26T16:43:46+00:00,2026-09-26T16:43:46+00:00
L00010,微炭酸／ポツリと／Good bye & Good luck！,single,2019-02-13,HKCN-50590,通常盤C,https://helloproject.com/release/detail/HKCN-50580/?pc=1,2026-09-26T16:43:46+00:00,2026-09-26T16:43:46+00:00
L00011,「ひとりで生きられそう」って それってねえ、褒めているの？／25歳永遠説,single,2019-06-05,HKCN-50610,初回生産限定盤A,https://helloproject.com/release/detail/HKCN-50610/?pc=1,2026-09-26T17:30:00+00:00,2026-09-26T17:30:00+00:00
L00012,「ひとりで生きられそう」って それってねえ、褒めているの？／25歳永遠説,single,2019-06-05,HKCN-50612,初回生産限定盤B,https://helloproject.com/release/detail/HKCN-50610/?pc=1,2026-09-26T17:30:00+00:00,2026-09-26T17:30:00+00:00
L00013,「ひとりで生きられそう」って それってねえ、褒めているの？／25歳永遠説,single,2019-06-05,HKCN-50616,初回生産限定盤SP,https://helloproject.com/release/detail/HKCN-50610/?pc=1,2026-09-26T17:30:00+00:00,2026-09-27T09:00:11+00:00
L00014,「ひとりで生きられそう」って それってねえ、褒めているの？／25歳永遠説,single,2019-06-05,HKCN-50618,通常盤A,https://helloproject.com/release/detail/HKCN-50610/?pc=1,2026-09-26T17:30:00+00:00,2026-09-27T09:00:11+00:00
L00015,「ひとりで生きられそう」って それってねえ、褒めているの？／25歳永遠説,single,2019-06-05,HKCN-50619,通常盤B,https://helloproject.com/release/detail/HKCN-50610/?pc=1,2026-09-26T17:30:00+00:00,2026-09-27T09:00:11+00:00
L00016,「ひとりで生きられそう」って それってねえ、褒めているの？／25歳永遠説,single,2019-10-23,HKCN-50629,通常盤C,https://helloproject.com/juicejuice/release/detail/HKCN-50629/,2026-09-27T09:00:11+00:00,2026-09-27T09:00:11+00:00
L00017,ポップミュージック／好きって言ってよ,single,2020-04-01,HKCN-50630,初回生産限定盤A,https://helloproject.com/juicejuice/release/6261/,2026-09-27T11:45:12+00:00,2026-09-27T11:45:12+00:00
L00018,ポップミュージック／好きって言ってよ,single,2020-04-01,HKCN-50632,初回生産限定盤B,https://helloproject.com/juicejuice/release/6261/,2026-09-27T11:45:12+00:00,2026-09-27T11:45:12+00:00
L00019,ポップミュージック／好きって言ってよ,single,2020-04-01,HKCN-50634,初回生産限定盤SP,https://helloproject.com/juicejuice/release/6261/,2026-09-27T11:45:12+00:00,2026-09-27T11:45:12+00:00
L00020,ポップミュージック／好きって言ってよ,single,2020-04-01,HKCN-50636,通常盤A,https://helloproject.com/juicejuice/release/6261/,2026-09-27T11:45:12+00:00,2026-09-27T11:45:12+00:00
L00021,ポップミュージック／好きって言ってよ,single,2020-04-01,HKCN-50637,通常盤B,https://helloproject.com/juicejuice/release/6261/,2026-09-27T11:45:12+00:00,2026-09-27T11:45:12+00:00
L00022,DOWN TOWN／がんばれないよ,single,2021-04-28,HKCN-50646,初回生産限定盤A,https://helloproject.com/juicejuice/release/detail/HKCN-50646/,2026-09-29T11:59:27+00:00,2026-09-29T11:59:27+00:00
L00023,DOWN TOWN／がんばれないよ,single,2021-04-28,HKCN-50648,初回生産限定盤B,https://helloproject.com/juicejuice/release/detail/HKCN-50646/,2026-09-29T11:59:27+00:00,2026-09-29T11:59:27+00:00
L00024,DOWN TOWN／がんばれないよ,single,2021-04-28,HKCN-50650,初回生産限定盤SP1,https://helloproject.com/juicejuice/release/detail/HKCN-50646/,2026-09-29T11:59:27+00:00,2026-09-29T11:59:27+00:00
L00025,DOWN TOWN／がんばれないよ,single,2021-04-28,HKCN-50652,初回生産限定盤SP2,https://helloproject.com/juicejuice/release/detail/HKCN-50646/,2026-09-29T11:59:27+00:00,2026-09-29T11:59:27+00:00
L00026,DOWN TOWN／がんばれないよ,single,2021-04-28,HKCN-50654,通常盤A,https://helloproject.com/juicejuice/release/detail/HKCN-50646/,2026-09-29T11:59:27+00:00,2026-09-29T11:59:27+00:00
L00027,DOWN TOWN／がんばれないよ,single,2021-04-28,HKCN-50655,通常盤B,https://helloproject.com/juicejuice/release/detail/HKCN-50646/,2026-09-29T11:59:27+00:00,2026-09-29T11:59:27+00:00
L00028,DOWN TOWN／がんばれないよ(Special Edition),digital,2021-04-28,UFDL-1473,通常2曲と「がんばれないよ」ソロVersion 7曲を収録する公式配信release。,https://helloproject.com/juicejuice/release/detail/UFDL-1473/,2026-09-29T11:59:27+00:00,2026-09-29T11:59:27+00:00
L00029,プラスティック・ラブ／Familia／Future Smile,single,2021-12-22,HKCN-50677,初回生産限定盤A,https://helloproject.com/juicejuice/release/6613/,2026-09-29T12:22:53+00:00,2026-09-29T12:22:53+00:00
L00030,プラスティック・ラブ／Familia／Future Smile,single,2021-12-22,HKCN-50679,初回生産限定盤B,https://helloproject.com/juicejuice/release/6613/,2026-09-29T12:22:53+00:00,2026-09-29T12:22:53+00:00
L00031,プラスティック・ラブ／Familia／Future Smile,single,2021-12-22,HKCN-50681,初回生産限定盤C,https://helloproject.com/juicejuice/release/6613/,2026-09-29T12:22:53+00:00,2026-09-29T12:22:53+00:00
L00032,プラスティック・ラブ／Familia／Future Smile,single,2021-12-22,HKCN-50683,初回生産限定盤SP1,https://helloproject.com/juicejuice/release/6613/,2026-09-29T12:22:53+00:00,2026-09-29T12:22:53+00:00
L00033,プラスティック・ラブ／Familia／Future Smile,single,2021-12-22,HKCN-50685,初回生産限定盤SP2,https://helloproject.com/juicejuice/release/6613/,2026-09-29T12:22:53+00:00,2026-09-29T12:22:53+00:00
L00034,プラスティック・ラブ／Familia／Future Smile,single,2021-12-22,HKCN-50686,通常盤A,https://helloproject.com/juicejuice/release/6613/,2026-09-29T12:22:53+00:00,2026-09-29T12:22:53+00:00
L00035,プラスティック・ラブ／Familia／Future Smile,single,2021-12-22,HKCN-50687,通常盤B,https://helloproject.com/juicejuice/release/6613/,2026-09-29T12:22:53+00:00,2026-09-29T12:22:53+00:00
L00036,プラスティック・ラブ／Familia／Future Smile,single,2021-12-22,HKCN-50688,通常盤C,https://helloproject.com/juicejuice/release/6613/,2026-09-29T12:22:53+00:00,2026-09-29T12:22:53+00:00
L00037,プラスティック・ラブ／Familia／Future Smile,single,2021-12-22,HKCP-50001,金澤朋子卒業記念盤,https://helloproject.com/juicejuice/release/6613/,2026-09-29T12:22:53+00:00,2026-09-29T12:22:53+00:00
L00038,私が言う前に抱きしめなきゃね,single,2013-04-03,UFCW-1057,インディーズシングル。Instrumentalは収集対象外。,https://helloproject.com/release/2210/,2026-10-02T13:18:22+00:00,2026-10-02T13:18:22+00:00
L00039,五月雨美女がさ乱れる,single,2013-05-05,UFCW-1065,インディーズシングル。Instrumentalは収集対象外。,https://helloproject.com/release/2211/,2026-10-03T03:05:32+00:00,2026-10-03T03:05:32+00:00
L00040,天まで登れ！,single,2013-06-12,UFCW-1066,インディーズシングル。track 3 Instrumentalは収集対象外。,https://helloproject.com/release/2212/,2026-10-03T05:42:10+00:00,2026-10-03T05:42:10+00:00
L00041,ロマンスの途中/私が言う前に抱きしめなきゃね(MEMORIAL EDIT)/五月雨美女がさ乱れる(MEMORIAL EDIT),single,2013-09-11,HKCN-50310,初回生産限定盤A（DVD付）。Instrumentalは収集対象外。,https://helloproject.com/release/1656/,2026-10-03T10:46:55+00:00,2026-10-03T10:46:55+00:00
L00042,ロマンスの途中/私が言う前に抱きしめなきゃね(MEMORIAL EDIT)/五月雨美女がさ乱れる(MEMORIAL EDIT),single,2013-09-11,HKCN-50312,初回生産限定盤B（DVD付）。Instrumentalは収集対象外。,https://helloproject.com/release/1656/,2026-10-03T10:46:55+00:00,2026-10-03T10:46:55+00:00
L00043,ロマンスの途中/私が言う前に抱きしめなきゃね(MEMORIAL EDIT)/五月雨美女がさ乱れる(MEMORIAL EDIT),single,2013-09-11,HKCN-50314,初回生産限定盤C（DVD付）。Instrumentalは収集対象外。,https://helloproject.com/release/1656/,2026-10-03T10:46:55+00:00,2026-10-03T10:46:55+00:00
L00044,ロマンスの途中/私が言う前に抱きしめなきゃね(MEMORIAL EDIT)/五月雨美女がさ乱れる(MEMORIAL EDIT),single,2013-09-11,HKCN-50316,初回生産限定盤D（DVD付）。Instrumentalは収集対象外。,https://helloproject.com/release/1656/,2026-10-03T10:46:55+00:00,2026-10-03T10:46:55+00:00
L00045,ロマンスの途中/私が言う前に抱きしめなきゃね(MEMORIAL EDIT)/五月雨美女がさ乱れる(MEMORIAL EDIT),single,2013-09-11,HKCN-50318,初回生産限定盤E（DVD付）。Instrumentalは収集対象外。,https://helloproject.com/release/1656/,2026-10-03T10:46:55+00:00,2026-10-03T10:46:55+00:00
L00046,ロマンスの途中/私が言う前に抱きしめなきゃね(MEMORIAL EDIT)/五月雨美女がさ乱れる(MEMORIAL EDIT),single,2013-09-11,HKCN-50320,通常盤（CD）。Instrumentalは収集対象外。,https://helloproject.com/release/1656/,2026-10-03T10:46:55+00:00,2026-10-03T10:46:55+00:00
L00047,イジワルしないで 抱きしめてよ/初めてを経験中,single,2013-12-04,HKCN-50324,初回生産限定盤A。Instrumentalは収集対象外。,https://helloproject.com/release/1667/,2026-10-04T02:43:31+00:00,2026-10-04T02:43:31+00:00
L00048,イジワルしないで 抱きしめてよ/初めてを経験中,single,2013-12-04,HKCN-50326,初回生産限定盤B。Instrumentalは収集対象外。,https://helloproject.com/release/1667/,2026-10-04T02:43:31+00:00,2026-10-04T02:43:31+00:00
L00049,イジワルしないで 抱きしめてよ/初めてを経験中,single,2013-12-04,HKCN-50328,初回生産限定盤C。Instrumentalは収集対象外。,https://helloproject.com/release/1667/,2026-10-04T02:43:31+00:00,2026-10-04T02:43:31+00:00
L00050,イジワルしないで 抱きしめてよ/初めてを経験中,single,2013-12-04,HKCN-50330,初回生産限定盤D。Instrumentalは収集対象外。,https://helloproject.com/release/1667/,2026-10-04T02:43:31+00:00,2026-10-04T02:43:31+00:00
L00051,イジワルしないで 抱きしめてよ/初めてを経験中,single,2013-12-04,HKCN-50331,通常盤A。Instrumentalは収集対象外。,https://helloproject.com/release/1667/,2026-10-04T02:43:31+00:00,2026-10-04T02:43:31+00:00
L00052,イジワルしないで 抱きしめてよ/初めてを経験中,single,2013-12-04,HKCN-50332,通常盤B。Instrumentalは収集対象外。,https://helloproject.com/release/1667/,2026-10-04T02:43:31+00:00,2026-10-04T02:43:31+00:00
L00053,裸の裸の裸のKISS/アレコレしたい！,single,2014-03-19,HKCN-50343,初回生産限定盤A。Instrumentalは収集対象外。,https://helloproject.com/release/8/,2026-10-04T02:43:31+00:00,2026-10-04T02:43:31+00:00
L00054,裸の裸の裸のKISS/アレコレしたい！,single,2014-03-19,HKCN-50345,初回生産限定盤B。Instrumentalは収集対象外。,https://helloproject.com/release/8/,2026-10-04T02:43:31+00:00,2026-10-04T02:43:31+00:00
L00055,裸の裸の裸のKISS/アレコレしたい！,single,2014-03-19,HKCN-50347,初回生産限定盤C。Instrumentalは収集対象外。,https://helloproject.com/release/8/,2026-10-04T02:43:31+00:00,2026-10-04T02:43:31+00:00
L00056,裸の裸の裸のKISS/アレコレしたい！,single,2014-03-19,HKCN-50349,通常盤A。Instrumentalは収集対象外。,https://helloproject.com/release/8/,2026-10-04T02:43:31+00:00,2026-10-04T02:43:31+00:00
L00057,裸の裸の裸のKISS/アレコレしたい！,single,2014-03-19,HKCN-50350,通常盤B。Instrumentalは収集対象外。,https://helloproject.com/release/8/,2026-10-04T02:43:31+00:00,2026-10-04T02:43:31+00:00
L00058,ブラックバタフライ/風に吹かれて,single,2014-07-30,HKCN-50367,初回生産限定盤A。Instrumentalは収集対象外。,https://helloproject.com/release/2277/,2026-10-04T02:43:31+00:00,2026-10-04T02:43:31+00:00
L00059,ブラックバタフライ/風に吹かれて,single,2014-07-30,HKCN-50369,初回生産限定盤B。Instrumentalは収集対象外。,https://helloproject.com/release/2277/,2026-10-04T02:43:31+00:00,2026-10-04T02:43:31+00:00
L00060,ブラックバタフライ/風に吹かれて,single,2014-07-30,HKCN-50371,初回生産限定盤C。Instrumentalは収集対象外。,https://helloproject.com/release/2277/,2026-10-04T02:43:31+00:00,2026-10-04T02:43:31+00:00
L00061,ブラックバタフライ/風に吹かれて,single,2014-07-30,HKCN-50373,初回生産限定盤D。Instrumentalは収集対象外。,https://helloproject.com/release/2277/,2026-10-04T02:43:31+00:00,2026-10-04T02:43:31+00:00
L00062,ブラックバタフライ/風に吹かれて,single,2014-07-30,HKCN-50375,通常盤A。Instrumentalは収集対象外。,https://helloproject.com/release/2277/,2026-10-04T02:43:31+00:00,2026-10-04T02:43:31+00:00
L00063,ブラックバタフライ/風に吹かれて,single,2014-07-30,HKCN-50376,通常盤B。Instrumentalは収集対象外。,https://helloproject.com/release/2277/,2026-10-04T02:43:31+00:00,2026-10-04T02:43:31+00:00
L00064,背伸び/伊達じゃないよ うちの人生は,single,2014-10-01,HKCN-50387,初回生産限定盤A。Instrumentalは収集対象外。,https://helloproject.com/release/2371/,2026-10-04T02:43:31+00:00,2026-10-04T02:43:31+00:00
L00065,背伸び/伊達じゃないよ うちの人生は,single,2014-10-01,HKCN-50389,初回生産限定盤B。Instrumentalは収集対象外。,https://helloproject.com/release/2371/,2026-10-04T02:43:31+00:00,2026-10-04T02:43:31+00:00
L00066,背伸び/伊達じゃないよ うちの人生は,single,2014-10-01,HKCN-50391,初回生産限定盤C。Instrumentalは収集対象外。,https://helloproject.com/release/2371/,2026-10-04T02:43:31+00:00,2026-10-04T02:43:31+00:00
L00067,背伸び/伊達じゃないよ うちの人生は,single,2014-10-01,HKCN-50393,初回生産限定盤D。Instrumentalは収集対象外。,https://helloproject.com/release/2371/,2026-10-04T02:43:31+00:00,2026-10-04T02:43:31+00:00
L00068,背伸び/伊達じゃないよ うちの人生は,single,2014-10-01,HKCN-50395,通常盤A。Instrumentalは収集対象外。,https://helloproject.com/release/2371/,2026-10-04T02:43:31+00:00,2026-10-04T02:43:31+00:00
L00069,背伸び/伊達じゃないよ うちの人生は,single,2014-10-01,HKCN-50396,通常盤B。Instrumentalは収集対象外。,https://helloproject.com/release/2371/,2026-10-04T02:43:31+00:00,2026-10-04T02:43:31+00:00
L00070,Wonderful World/Ça va ? Ça va ?,single,2015-04-08,HKCN-50407,初回生産限定盤A。Instrumentalは収集対象外。,https://helloproject.com/release/4094/,2026-10-04T02:43:31+00:00,2026-10-04T02:43:31+00:00
L00071,Wonderful World/Ça va ? Ça va ?,single,2015-04-08,HKCN-50409,初回生産限定盤B。Instrumentalは収集対象外。,https://helloproject.com/release/4094/,2026-10-04T02:43:31+00:00,2026-10-04T02:43:31+00:00
L00072,Wonderful World/Ça va ? Ça va ?,single,2015-04-08,HKCN-50411,初回生産限定盤C。Instrumentalは収集対象外。,https://helloproject.com/release/4094/,2026-10-04T02:43:31+00:00,2026-10-04T02:43:31+00:00
L00073,Wonderful World/Ça va ? Ça va ?,single,2015-04-08,HKCN-50413,初回生産限定盤D。Instrumentalは収集対象外。,https://helloproject.com/release/4094/,2026-10-04T02:43:31+00:00,2026-10-04T02:43:31+00:00
L00074,Wonderful World/Ça va ? Ça va ?,single,2015-04-08,HKCN-50415,通常盤A。Instrumentalは収集対象外。,https://helloproject.com/release/4094/,2026-10-04T02:43:31+00:00,2026-10-04T02:43:31+00:00
L00075,Wonderful World/Ça va ? Ça va ?,single,2015-04-08,HKCN-50416,通常盤B。Instrumentalは収集対象外。,https://helloproject.com/release/4094/,2026-10-04T02:43:31+00:00,2026-10-04T02:43:31+00:00
L00076,First Squeeze！,album,2015-07-15,HKCN-50417,初回生産限定盤A（2CD＋Blu-ray）。映像discは今回の登録対象外。,https://helloproject.com/release/4204/,2026-10-04T11:34:43+00:00,2026-10-04T11:34:43+00:00
L00077,First Squeeze！,album,2015-07-15,HKCN-50420,初回生産限定盤B（2CD＋DVD）。映像discは今回の登録対象外。,https://helloproject.com/release/4204/,2026-10-04T11:34:43+00:00,2026-10-04T11:34:43+00:00
L00078,First Squeeze！,album,2015-07-15,HKCN-50423,通常盤（3CD）。,https://helloproject.com/release/4204/,2026-10-04T11:34:43+00:00,2026-10-04T11:34:43+00:00
L00079,Next is you!/カラダだけが大人になったんじゃない,single,2016-02-03,HKCN-50471,初回生産限定盤A（CD＋DVD）。InstrumentalおよびDVD映像は収集対象外。,https://helloproject.com/release/4548/,2026-10-04T12:17:17+00:00,2026-10-04T12:17:17+00:00
L00080,Next is you!/カラダだけが大人になったんじゃない,single,2016-02-03,HKCN-50473,初回生産限定盤B（CD＋DVD）。InstrumentalおよびDVD映像は収集対象外。,https://helloproject.com/release/4548/,2026-10-04T12:17:17+00:00,2026-10-04T12:17:17+00:00
L00081,Next is you!/カラダだけが大人になったんじゃない,single,2016-02-03,HKCN-50475,初回生産限定盤C（CD＋DVD）。InstrumentalおよびDVD映像は収集対象外。,https://helloproject.com/release/4548/,2026-10-04T12:17:17+00:00,2026-10-04T12:17:17+00:00
L00082,Next is you!/カラダだけが大人になったんじゃない,single,2016-02-03,HKCN-50477,初回生産限定盤D（CD＋DVD）。InstrumentalおよびDVD映像は収集対象外。,https://helloproject.com/release/4548/,2026-10-04T12:17:17+00:00,2026-10-04T12:17:17+00:00
L00083,Next is you!/カラダだけが大人になったんじゃない,single,2016-02-03,HKCN-50479,通常盤A（CD）。InstrumentalおよびDVD映像は収集対象外。,https://helloproject.com/release/4548/,2026-10-04T12:17:17+00:00,2026-10-04T12:17:17+00:00
L00084,Next is you!/カラダだけが大人になったんじゃない,single,2016-02-03,HKCN-50480,通常盤B（CD）。InstrumentalおよびDVD映像は収集対象外。,https://helloproject.com/release/4548/,2026-10-04T12:17:17+00:00,2026-10-04T12:17:17+00:00
L00085,Dream Road〜心が躍り出してる〜/KEEP ON 上昇志向！！/明日やろうはバカやろう,single,2016-10-26,HKCN-50492,初回生産限定盤A（CD＋DVD）。InstrumentalおよびDVD映像は収集対象外。,https://helloproject.com/release/4921/,2026-10-04T12:17:17+00:00,2026-10-04T12:17:17+00:00
L00086,Dream Road〜心が躍り出してる〜/KEEP ON 上昇志向！！/明日やろうはバカやろう,single,2016-10-26,HKCN-50494,初回生産限定盤B（CD＋DVD）。InstrumentalおよびDVD映像は収集対象外。,https://helloproject.com/release/4921/,2026-10-04T12:17:17+00:00,2026-10-04T12:17:17+00:00
L00087,Dream Road〜心が躍り出してる〜/KEEP ON 上昇志向！！/明日やろうはバカやろう,single,2016-10-26,HKCN-50496,初回生産限定盤C（CD＋DVD）。InstrumentalおよびDVD映像は収集対象外。,https://helloproject.com/release/4921/,2026-10-04T12:17:17+00:00,2026-10-04T12:17:17+00:00
L00088,Dream Road〜心が躍り出してる〜/KEEP ON 上昇志向！！/明日やろうはバカやろう,single,2016-10-26,HKCN-50498,通常盤A（CD）。InstrumentalおよびDVD映像は収集対象外。,https://helloproject.com/release/4921/,2026-10-04T12:17:17+00:00,2026-10-04T12:17:17+00:00
L00089,Dream Road〜心が躍り出してる〜/KEEP ON 上昇志向！！/明日やろうはバカやろう,single,2016-10-26,HKCN-50499,通常盤B（CD）。InstrumentalおよびDVD映像は収集対象外。,https://helloproject.com/release/4921/,2026-10-04T12:17:17+00:00,2026-10-04T12:17:17+00:00
L00090,Dream Road〜心が躍り出してる〜/KEEP ON 上昇志向！！/明日やろうはバカやろう,single,2016-10-26,HKCN-50500,通常盤C（CD）。InstrumentalおよびDVD映像は収集対象外。,https://helloproject.com/release/4921/,2026-10-04T12:17:17+00:00,2026-10-04T12:17:17+00:00
L00091,地団駄ダンス/Feel！感じるよ,single,2017-04-26,HKCN-50510,初回生産限定盤A（CD＋DVD）。InstrumentalおよびDVD映像は収集対象外。,https://helloproject.com/release/5152/,2026-10-04T12:17:17+00:00,2026-10-04T12:17:17+00:00
L00092,地団駄ダンス/Feel！感じるよ,single,2017-04-26,HKCN-50512,初回生産限定盤B（CD＋DVD）。InstrumentalおよびDVD映像は収集対象外。,https://helloproject.com/release/5152/,2026-10-04T12:17:17+00:00,2026-10-04T12:17:17+00:00
L00093,地団駄ダンス/Feel！感じるよ,single,2017-04-26,HKCN-50514,初回生産限定盤SP（CD＋DVD）。InstrumentalおよびDVD映像は収集対象外。,https://helloproject.com/release/5152/,2026-10-04T12:17:17+00:00,2026-10-04T12:17:17+00:00
L00094,地団駄ダンス/Feel！感じるよ,single,2017-04-26,HKCN-50516,通常盤A（CD）。InstrumentalおよびDVD映像は収集対象外。,https://helloproject.com/release/5152/,2026-10-04T12:17:17+00:00,2026-10-04T12:17:17+00:00
L00095,地団駄ダンス/Feel！感じるよ,single,2017-04-26,HKCN-50517,通常盤B（CD）。InstrumentalおよびDVD映像は収集対象外。,https://helloproject.com/release/5152/,2026-10-04T12:17:17+00:00,2026-10-04T12:17:17+00:00
L00096,SEXY SEXY/泣いていいよ/Vivid Midnight,single,2018-04-18,HKCN-50542,初回生産限定盤A（CD＋DVD）。InstrumentalおよびDVD映像は収集対象外。,https://helloproject.com/release/5586/,2026-10-04T12:17:17+00:00,2026-10-04T12:17:17+00:00
L00097,SEXY SEXY/泣いていいよ/Vivid Midnight,single,2018-04-18,HKCN-50544,初回生産限定盤B（CD＋DVD）。InstrumentalおよびDVD映像は収集対象外。,https://helloproject.com/release/5586/,2026-10-04T12:17:17+00:00,2026-10-04T12:17:17+00:00
L00098,SEXY SEXY/泣いていいよ/Vivid Midnight,single,2018-04-18,HKCN-50546,初回生産限定盤C（CD＋DVD）。InstrumentalおよびDVD映像は収集対象外。,https://helloproject.com/release/5586/,2026-10-04T12:17:17+00:00,2026-10-04T12:17:17+00:00
L00099,SEXY SEXY/泣いていいよ/Vivid Midnight,single,2018-04-18,HKCN-50548,初回生産限定盤SP（CD＋DVD）。InstrumentalおよびDVD映像は収集対象外。,https://helloproject.com/release/5586/,2026-10-04T12:17:17+00:00,2026-10-04T12:17:17+00:00
L00100,SEXY SEXY/泣いていいよ/Vivid Midnight,single,2018-04-18,HKCN-50550,通常盤A（CD）。InstrumentalおよびDVD映像は収集対象外。,https://helloproject.com/release/5586/,2026-10-04T12:17:17+00:00,2026-10-04T12:17:17+00:00
L00101,SEXY SEXY/泣いていいよ/Vivid Midnight,single,2018-04-18,HKCN-50551,通常盤B（CD）。InstrumentalおよびDVD映像は収集対象外。,https://helloproject.com/release/5586/,2026-10-04T12:17:17+00:00,2026-10-04T12:17:17+00:00
L00102,SEXY SEXY/泣いていいよ/Vivid Midnight,single,2018-04-18,HKCN-50552,通常盤C（CD）。InstrumentalおよびDVD映像は収集対象外。,https://helloproject.com/release/5586/,2026-10-04T12:17:17+00:00,2026-10-04T12:17:17+00:00
L00103,Juice=Juice#2 -¡Una más!-,album,2018-08-01,HKCN-50564,初回生産限定盤（2CD＋Blu-ray）。Blu-ray映像45件は収集対象外。,https://helloproject.com/release/5684/,2026-10-04T15:00:00+00:00,2026-10-04T15:00:00+00:00
L00104,Juice=Juice#2 -¡Una más!-,album,2018-08-01,HKCN-50567,通常盤（2CD）。,https://helloproject.com/release/5684/,2026-10-04T15:00:00+00:00,2026-10-04T15:00:00+00:00
L00105,全部賭けてGO!!/イニミニマニモ～恋のライバル宣言～,single,2022-11-23,HKCN-50742,初回生産限定盤A（CD＋Blu-ray）。InstrumentalおよびBlu-ray映像は収集対象外。,https://helloproject.com/juicejuice/release/6853/,2026-10-04T13:21:15+00:00,2026-10-04T13:21:15+00:00
L00106,全部賭けてGO!!/イニミニマニモ～恋のライバル宣言～,single,2022-11-23,HKCN-50744,初回生産限定盤B（CD＋Blu-ray）。InstrumentalおよびBlu-ray映像は収集対象外。,https://helloproject.com/juicejuice/release/6853/,2026-10-04T13:21:15+00:00,2026-10-04T13:21:15+00:00
L00107,全部賭けてGO!!/イニミニマニモ～恋のライバル宣言～,single,2022-11-23,HKCN-50746,初回生産限定盤SP（CD＋Blu-ray）。InstrumentalおよびBlu-ray映像は収集対象外。,https://helloproject.com/juicejuice/release/6853/,2026-10-04T13:21:15+00:00,2026-10-04T13:21:15+00:00
L00108,全部賭けてGO!!/イニミニマニモ～恋のライバル宣言～,single,2022-11-23,HKCN-50748,通常盤A（CD）。Instrumentalは収集対象外。,https://helloproject.com/juicejuice/release/6853/,2026-10-04T13:21:15+00:00,2026-10-04T13:21:15+00:00
L00109,全部賭けてGO!!/イニミニマニモ～恋のライバル宣言～,single,2022-11-23,HKCN-50749,通常盤B（CD）。Instrumentalは収集対象外。,https://helloproject.com/juicejuice/release/6853/,2026-10-04T13:21:15+00:00,2026-10-04T13:21:15+00:00
L00110,プライド・ブライト/FUNKY FLUSHIN',single,2023-07-12,HKCN-50766,初回生産限定盤A（CD＋Blu-ray）。InstrumentalおよびBlu-ray映像は収集対象外。,https://helloproject.com/release/6991/,2026-10-04T13:21:15+00:00,2026-10-04T13:21:15+00:00
L00111,プライド・ブライト/FUNKY FLUSHIN',single,2023-07-12,HKCN-50768,初回生産限定盤B（CD＋Blu-ray）。InstrumentalおよびBlu-ray映像は収集対象外。,https://helloproject.com/release/6991/,2026-10-04T13:21:15+00:00,2026-10-04T13:21:15+00:00
L00112,プライド・ブライト/FUNKY FLUSHIN',single,2023-07-12,HKCN-50770,初回生産限定盤SP（CD＋Blu-ray）。InstrumentalおよびBlu-ray映像は収集対象外。,https://helloproject.com/release/6991/,2026-10-04T13:21:15+00:00,2026-10-04T13:21:15+00:00
L00113,プライド・ブライト/FUNKY FLUSHIN',single,2023-07-12,HKCN-50772,通常盤A（CD）。Instrumentalは収集対象外。,https://helloproject.com/release/6991/,2026-10-04T13:21:15+00:00,2026-10-04T13:21:15+00:00
L00114,プライド・ブライト/FUNKY FLUSHIN',single,2023-07-12,HKCN-50773,通常盤B（CD）。Instrumentalは収集対象外。,https://helloproject.com/release/6991/,2026-10-04T13:21:15+00:00,2026-10-04T13:21:15+00:00
L00115,Juicetory,album,2023-10-11,HKCN-50774,初回生産限定盤（CD＋Blu-ray）。7インチサイズジャケット仕様。Blu-ray映像は今回のcanonical audio import対象外。,https://helloproject.com/juicejuice/release/7056/?pc=1,2026-10-04T16:00:00+00:00,2026-10-04T16:00:00+00:00
L00116,Juicetory,album,2023-10-11,HKCN-50776,通常盤（CD）。紙ジャケ仕様。,https://helloproject.com/juicejuice/release/7056/?pc=1,2026-10-04T16:00:00+00:00,2026-10-04T16:00:00+00:00
L00117,トウキョウ・ブラー/ナイモノラブ/おあいこ,single,2024-05-15,HKCN-50793,初回生産限定盤A（CD＋Blu-ray）。InstrumentalおよびBlu-ray映像は収集対象外。,https://helloproject.com/juicejuice/release/7195/,2026-10-04T17:00:00+00:00,2026-10-04T17:00:00+00:00
L00118,トウキョウ・ブラー/ナイモノラブ/おあいこ,single,2024-05-15,HKCN-50795,初回生産限定盤B（CD＋Blu-ray）。InstrumentalおよびBlu-ray映像は収集対象外。,https://helloproject.com/juicejuice/release/7195/,2026-10-04T17:00:00+00:00,2026-10-04T17:00:00+00:00
L00119,トウキョウ・ブラー/ナイモノラブ/おあいこ,single,2024-05-15,HKCN-50797,初回生産限定盤C（CD＋Blu-ray）。InstrumentalおよびBlu-ray映像は収集対象外。,https://helloproject.com/juicejuice/release/7195/,2026-10-04T17:00:00+00:00,2026-10-04T17:00:00+00:00
L00120,トウキョウ・ブラー/ナイモノラブ/おあいこ,single,2024-05-15,HKCN-50799,初回生産限定盤SP（CD＋Blu-ray）。InstrumentalおよびBlu-ray映像は収集対象外。,https://helloproject.com/juicejuice/release/7195/,2026-10-04T17:00:00+00:00,2026-10-04T17:00:00+00:00
L00121,トウキョウ・ブラー/ナイモノラブ/おあいこ,single,2024-05-15,HKCN-50801,通常盤A（CD）。Instrumentalは収集対象外。,https://helloproject.com/juicejuice/release/7195/,2026-10-04T17:00:00+00:00,2026-10-04T17:00:00+00:00
L00122,トウキョウ・ブラー/ナイモノラブ/おあいこ,single,2024-05-15,HKCN-50802,通常盤B（CD）。Instrumentalは収集対象外。,https://helloproject.com/juicejuice/release/7195/,2026-10-04T17:00:00+00:00,2026-10-04T17:00:00+00:00
L00123,トウキョウ・ブラー/ナイモノラブ/おあいこ,single,2024-05-15,HKCN-50803,通常盤C（CD）。Instrumentalは収集対象外。,https://helloproject.com/juicejuice/release/7195/,2026-10-04T17:00:00+00:00,2026-10-04T17:00:00+00:00
L00124,初恋の亡霊/今夜はHearty Party,single,2025-02-26,HKCN-50826,初回生産限定盤A（CD＋Blu-ray）。InstrumentalおよびBlu-ray映像は収集対象外。,https://helloproject.com/juicejuice/release/7376/,2026-10-04T17:00:00+00:00,2026-10-04T17:00:00+00:00
L00125,初恋の亡霊/今夜はHearty Party,single,2025-02-26,HKCN-50828,初回生産限定盤B（CD＋Blu-ray）。InstrumentalおよびBlu-ray映像は収集対象外。,https://helloproject.com/juicejuice/release/7376/,2026-10-04T17:00:00+00:00,2026-10-04T17:00:00+00:00
L00126,初恋の亡霊/今夜はHearty Party,single,2025-02-26,HKCN-50830,初回生産限定盤SP（CD＋Blu-ray）。InstrumentalおよびBlu-ray映像は収集対象外。,https://helloproject.com/juicejuice/release/7376/,2026-10-04T17:00:00+00:00,2026-10-04T17:00:00+00:00
L00127,初恋の亡霊/今夜はHearty Party,single,2025-02-26,HKCN-50832,通常盤A（CD）。Instrumentalは収集対象外。,https://helloproject.com/juicejuice/release/7376/,2026-10-04T17:00:00+00:00,2026-10-04T17:00:00+00:00
L00128,初恋の亡霊/今夜はHearty Party,single,2025-02-26,HKCN-50833,通常盤B（CD）。Instrumentalは収集対象外。,https://helloproject.com/juicejuice/release/7376/,2026-10-04T17:00:00+00:00,2026-10-04T17:00:00+00:00
L00129,四の五の言わず颯と別れてあげた/盛れ！ミ・アモーレ,single,2025-10-08,HKCN-50852,初回生産限定盤A（CD＋Blu-ray）。InstrumentalおよびBlu-ray映像は収集対象外。,https://helloproject.com/juicejuice/release/7506/,2026-10-04T17:00:00+00:00,2026-10-04T17:00:00+00:00
L00130,四の五の言わず颯と別れてあげた/盛れ！ミ・アモーレ,single,2025-10-08,HKCN-50854,初回生産限定盤B（CD＋Blu-ray）。InstrumentalおよびBlu-ray映像は収集対象外。,https://helloproject.com/juicejuice/release/7506/,2026-10-04T17:00:00+00:00,2026-10-04T17:00:00+00:00
L00131,四の五の言わず颯と別れてあげた/盛れ！ミ・アモーレ,single,2025-10-08,HKCN-50856,初回生産限定盤SP（CD＋Blu-ray）。InstrumentalおよびBlu-ray映像は収集対象外。,https://helloproject.com/juicejuice/release/7506/,2026-10-04T17:00:00+00:00,2026-10-04T17:00:00+00:00
L00132,四の五の言わず颯と別れてあげた/盛れ！ミ・アモーレ,single,2025-10-08,HKCN-50858,通常盤A（CD）。Instrumentalは収集対象外。,https://helloproject.com/juicejuice/release/7506/,2026-10-04T17:00:00+00:00,2026-10-04T17:00:00+00:00
L00133,四の五の言わず颯と別れてあげた/盛れ！ミ・アモーレ,single,2025-10-08,HKCN-50859,通常盤B（CD）。Instrumentalは収集対象外。,https://helloproject.com/juicejuice/release/7506/,2026-10-04T17:00:00+00:00,2026-10-04T17:00:00+00:00
