release_id,disc_number,track_number,song_id,track_title,notes,source_url
L00001,1,1,J00001,微炭酸,,https://helloproject.com/juicejuice/release/6692/
L00001,1,2,J00002,ポツリと,,https://helloproject.com/juicejuice/release/6692/
L00001,1,3,J00003,Good bye & Good luck！,,https://helloproject.com/juicejuice/release/6692/
L00001,1,4,J00004,「ひとりで生きられそう」って それってねえ、褒めているの？,,https://helloproject.com/juicejuice/release/6692/
L00001,1,5,J00005,25歳永遠説,,https://helloproject.com/juicejuice/release/6692/
L00001,1,6,J00006,「ひとりで生きられそう」って それってねえ、褒めているの？(New Vocal Ver.),,https://helloproject.com/juicejuice/release/6692/
L00001,1,7,J00007,ポップミュージック,,https://helloproject.com/juicejuice/release/6692/
L00001,1,8,J00008,好きって言ってよ,,https://helloproject.com/juicejuice/release/6692/
L00001,1,9,J00009,Borderline,,https://helloproject.com/juicejuice/release/6692/
L00001,1,10,J00010,Va-Va-Voom,,https://helloproject.com/juicejuice/release/6692/
L00001,1,11,J00011,続いていくSTORY (Symphonic Version feat. Karin),,https://helloproject.com/juicejuice/release/6692/
L00001,1,12,J00012,DOWN TOWN,,https://helloproject.com/juicejuice/release/6692/
L00001,1,13,J00013,がんばれないよ,,https://helloproject.com/juicejuice/release/6692/
L00001,1,14,J00014,プラスティック・ラブ,,https://helloproject.com/juicejuice/release/6692/
L00001,1,15,J00015,Familia,,https://helloproject.com/juicejuice/release/6692/
L00001,1,16,J00016,Future Smile,,https://helloproject.com/juicejuice/release/6692/
L00001,2,1,J00017,GIRLS BE AMBITIOUS! 2022,,https://helloproject.com/juicejuice/release/6692/
L00001,2,2,J00018,POPPIN' LOVE,,https://helloproject.com/juicejuice/release/6692/
L00001,2,3,J00019,STAGE～アガッてみな～,,https://helloproject.com/juicejuice/release/6692/
L00001,2,4,J00020,Mon Amour,,https://helloproject.com/juicejuice/release/6692/
L00001,2,5,J00021,ノクチルカ,,https://helloproject.com/juicejuice/release/6692/
L00001,2,6,J00022,G.O.A.T.,,https://helloproject.com/juicejuice/release/6692/
L00001,2,7,J00023,雨の中の口笛,,https://helloproject.com/juicejuice/release/6692/
L00001,2,8,J00024,プラトニック・プラネット(Ultimate Juice Ver.),,https://helloproject.com/juicejuice/release/6692/
L00001,2,9,J00025,生まれたてのBaby Love(2022 ver.),,https://helloproject.com/juicejuice/release/6692/
L00001,2,10,J00026,CHOICE & CHANCE(2022 ver.),,https://helloproject.com/juicejuice/release/6692/
L00001,2,11,J00027,Never Never Surrender(2022 ver.),,https://helloproject.com/juicejuice/release/6692/
L00001,2,12,J00028,Goal～明日はあっちだよ～(Album Version),,https://helloproject.com/juicejuice/release/6692/
L00002,1,1,J00001,微炭酸,,https://helloproject.com/juicejuice/release/6692/
L00002,1,2,J00002,ポツリと,,https://helloproject.com/juicejuice/release/6692/
L00002,1,3,J00003,Good bye & Good luck！,,https://helloproject.com/juicejuice/release/6692/
L00002,1,4,J00004,「ひとりで生きられそう」って それってねえ、褒めているの？,,https://helloproject.com/juicejuice/release/6692/
L00002,1,5,J00005,25歳永遠説,,https://helloproject.com/juicejuice/release/6692/
L00002,1,6,J00006,「ひとりで生きられそう」って それってねえ、褒めているの？(New Vocal Ver.),,https://helloproject.com/juicejuice/release/6692/
L00002,1,7,J00007,ポップミュージック,,https://helloproject.com/juicejuice/release/6692/
L00002,1,8,J00008,好きって言ってよ,,https://helloproject.com/juicejuice/release/6692/
L00002,1,9,J00009,Borderline,,https://helloproject.com/juicejuice/release/6692/
L00002,1,10,J00010,Va-Va-Voom,,https://helloproject.com/juicejuice/release/6692/
L00002,1,11,J00011,続いていくSTORY (Symphonic Version feat. Karin),,https://helloproject.com/juicejuice/release/6692/
L00002,1,12,J00012,DOWN TOWN,,https://helloproject.com/juicejuice/release/6692/
L00002,1,13,J00013,がんばれないよ,,https://helloproject.com/juicejuice/release/6692/
L00002,1,14,J00014,プラスティック・ラブ,,https://helloproject.com/juicejuice/release/6692/
L00002,1,15,J00015,Familia,,https://helloproject.com/juicejuice/release/6692/
L00002,1,16,J00016,Future Smile,,https://helloproject.com/juicejuice/release/6692/
L00002,2,1,J00017,GIRLS BE AMBITIOUS! 2022,,https://helloproject.com/juicejuice/release/6692/
L00002,2,2,J00018,POPPIN' LOVE,,https://helloproject.com/juicejuice/release/6692/
L00002,2,3,J00019,STAGE～アガッてみな～,,https://helloproject.com/juicejuice/release/6692/
L00002,2,4,J00020,Mon Amour,,https://helloproject.com/juicejuice/release/6692/
L00002,2,5,J00021,ノクチルカ,,https://helloproject.com/juicejuice/release/6692/
L00002,2,6,J00022,G.O.A.T.,,https://helloproject.com/juicejuice/release/6692/
L00002,2,7,J00023,雨の中の口笛,,https://helloproject.com/juicejuice/release/6692/
L00002,2,8,J00024,プラトニック・プラネット(Ultimate Juice Ver.),,https://helloproject.com/juicejuice/release/6692/
L00002,2,9,J00025,生まれたてのBaby Love(2022 ver.),,https://helloproject.com/juicejuice/release/6692/
L00002,2,10,J00026,CHOICE & CHANCE(2022 ver.),,https://helloproject.com/juicejuice/release/6692/
L00002,2,11,J00027,Never Never Surrender(2022 ver.),,https://helloproject.com/juicejuice/release/6692/
L00002,2,12,J00028,Goal～明日はあっちだよ～(Album Version),,https://helloproject.com/juicejuice/release/6692/
L00003,1,1,J00001,微炭酸,,https://helloproject.com/juicejuice/release/6692/
L00003,1,2,J00002,ポツリと,,https://helloproject.com/juicejuice/release/6692/
L00003,1,3,J00003,Good bye & Good luck！,,https://helloproject.com/juicejuice/release/6692/
L00003,1,4,J00004,「ひとりで生きられそう」って それってねえ、褒めているの？,,https://helloproject.com/juicejuice/release/6692/
L00003,1,5,J00005,25歳永遠説,,https://helloproject.com/juicejuice/release/6692/
L00003,1,6,J00006,「ひとりで生きられそう」って それってねえ、褒めているの？(New Vocal Ver.),,https://helloproject.com/juicejuice/release/6692/
L00003,1,7,J00007,ポップミュージック,,https://helloproject.com/juicejuice/release/6692/
L00003,1,8,J00008,好きって言ってよ,,https://helloproject.com/juicejuice/release/6692/
L00003,1,9,J00009,Borderline,,https://helloproject.com/juicejuice/release/6692/
L00003,1,10,J00010,Va-Va-Voom,,https://helloproject.com/juicejuice/release/6692/
L00003,1,11,J00011,続いていくSTORY (Symphonic Version feat. Karin),,https://helloproject.com/juicejuice/release/6692/
L00003,1,12,J00012,DOWN TOWN,,https://helloproject.com/juicejuice/release/6692/
L00003,1,13,J00013,がんばれないよ,,https://helloproject.com/juicejuice/release/6692/
L00003,1,14,J00014,プラスティック・ラブ,,https://helloproject.com/juicejuice/release/6692/
L00003,1,15,J00015,Familia,,https://helloproject.com/juicejuice/release/6692/
L00003,1,16,J00016,Future Smile,,https://helloproject.com/juicejuice/release/6692/
L00003,2,1,J00017,GIRLS BE AMBITIOUS! 2022,,https://helloproject.com/juicejuice/release/6692/
L00003,2,2,J00018,POPPIN' LOVE,,https://helloproject.com/juicejuice/release/6692/
L00003,2,3,J00019,STAGE～アガッてみな～,,https://helloproject.com/juicejuice/release/6692/
L00003,2,4,J00020,Mon Amour,,https://helloproject.com/juicejuice/release/6692/
L00003,2,5,J00021,ノクチルカ,,https://helloproject.com/juicejuice/release/6692/
L00003,2,6,J00022,G.O.A.T.,,https://helloproject.com/juicejuice/release/6692/
L00003,2,7,J00023,雨の中の口笛,,https://helloproject.com/juicejuice/release/6692/
L00003,2,8,J00024,プラトニック・プラネット(Ultimate Juice Ver.),,https://helloproject.com/juicejuice/release/6692/
L00003,2,9,J00025,生まれたてのBaby Love(2022 ver.),,https://helloproject.com/juicejuice/release/6692/
L00003,2,10,J00026,CHOICE & CHANCE(2022 ver.),,https://helloproject.com/juicejuice/release/6692/
L00003,2,11,J00027,Never Never Surrender(2022 ver.),,https://helloproject.com/juicejuice/release/6692/
L00003,2,12,J00028,Goal～明日はあっちだよ～(Album Version),,https://helloproject.com/juicejuice/release/6692/
L00004,1,1,J00001,微炭酸,,https://helloproject.com/release/detail/HKCN-50580/?pc=1
L00004,1,2,J00002,ポツリと,,https://helloproject.com/release/detail/HKCN-50580/?pc=1
L00004,1,3,J00003,Good bye & Good luck！,,https://helloproject.com/release/detail/HKCN-50580/?pc=1
L00005,1,1,J00001,微炭酸,,https://helloproject.com/release/detail/HKCN-50580/?pc=1
L00005,1,2,J00002,ポツリと,,https://helloproject.com/release/detail/HKCN-50580/?pc=1
L00005,1,3,J00003,Good bye & Good luck！,,https://helloproject.com/release/detail/HKCN-50580/?pc=1
L00006,1,1,J00001,微炭酸,,https://helloproject.com/release/detail/HKCN-50580/?pc=1
L00006,1,2,J00002,ポツリと,,https://helloproject.com/release/detail/HKCN-50580/?pc=1
L00006,1,3,J00003,Good bye & Good luck！,,https://helloproject.com/release/detail/HKCN-50580/?pc=1
L00007,1,1,J00001,微炭酸,,https://helloproject.com/release/detail/HKCN-50580/?pc=1
L00007,1,2,J00002,ポツリと,,https://helloproject.com/release/detail/HKCN-50580/?pc=1
L00007,1,3,J00003,Good bye & Good luck！,,https://helloproject.com/release/detail/HKCN-50580/?pc=1
L00008,1,1,J00001,微炭酸,,https://helloproject.com/release/detail/HKCN-50580/?pc=1
L00008,1,2,J00002,ポツリと,,https://helloproject.com/release/detail/HKCN-50580/?pc=1
L00008,1,3,J00003,Good bye & Good luck！,,https://helloproject.com/release/detail/HKCN-50580/?pc=1
L00009,1,1,J00001,微炭酸,,https://helloproject.com/release/detail/HKCN-50580/?pc=1
L00009,1,2,J00002,ポツリと,,https://helloproject.com/release/detail/HKCN-50580/?pc=1
L00009,1,3,J00003,Good bye & Good luck！,,https://helloproject.com/release/detail/HKCN-50580/?pc=1
L00010,1,1,J00001,微炭酸,,https://helloproject.com/release/detail/HKCN-50580/?pc=1
L00010,1,2,J00002,ポツリと,,https://helloproject.com/release/detail/HKCN-50580/?pc=1
L00010,1,3,J00003,Good bye & Good luck！,,https://helloproject.com/release/detail/HKCN-50580/?pc=1
L00011,1,1,J00004,「ひとりで生きられそう」って それってねえ、褒めているの？,,https://helloproject.com/release/detail/HKCN-50610/?pc=1
L00011,1,2,J00005,25歳永遠説,,https://helloproject.com/release/detail/HKCN-50610/?pc=1
L00012,1,1,J00004,「ひとりで生きられそう」って それってねえ、褒めているの？,,https://helloproject.com/release/detail/HKCN-50610/?pc=1
L00012,1,2,J00005,25歳永遠説,,https://helloproject.com/release/detail/HKCN-50610/?pc=1
L00013,1,1,J00004,「ひとりで生きられそう」って それってねえ、褒めているの？,,https://helloproject.com/release/detail/HKCN-50610/?pc=1
L00013,1,2,J00005,25歳永遠説,,https://helloproject.com/release/detail/HKCN-50610/?pc=1
L00014,1,1,J00004,「ひとりで生きられそう」って それってねえ、褒めているの？,,https://helloproject.com/release/detail/HKCN-50610/?pc=1
L00014,1,2,J00005,25歳永遠説,,https://helloproject.com/release/detail/HKCN-50610/?pc=1
L00015,1,1,J00004,「ひとりで生きられそう」って それってねえ、褒めているの？,,https://helloproject.com/release/detail/HKCN-50610/?pc=1
L00015,1,2,J00005,25歳永遠説,,https://helloproject.com/release/detail/HKCN-50610/?pc=1
L00016,1,1,J00004,「ひとりで生きられそう」って それってねえ、褒めているの？,,https://helloproject.com/juicejuice/release/detail/HKCN-50629/
L00016,1,2,J00005,25歳永遠説,,https://helloproject.com/juicejuice/release/detail/HKCN-50629/
L00016,1,3,J00006,「ひとりで生きられそう」って それってねえ、褒めているの？(New Vocal Ver.),,https://helloproject.com/juicejuice/release/detail/HKCN-50629/
L00017,1,1,J00007,ポップミュージック,,https://helloproject.com/juicejuice/release/6261/
L00017,1,2,J00008,好きって言ってよ,,https://helloproject.com/juicejuice/release/6261/
L00017,1,3,J00011,続いていくSTORY (Symphonic Version feat. Karin),,https://helloproject.com/juicejuice/release/6261/
L00018,1,1,J00007,ポップミュージック,,https://helloproject.com/juicejuice/release/6261/
L00018,1,2,J00008,好きって言ってよ,,https://helloproject.com/juicejuice/release/6261/
L00018,1,3,J00011,続いていくSTORY (Symphonic Version feat. Karin),,https://helloproject.com/juicejuice/release/6261/
L00019,1,1,J00007,ポップミュージック,,https://helloproject.com/juicejuice/release/6261/
L00019,1,2,J00008,好きって言ってよ,,https://helloproject.com/juicejuice/release/6261/
L00019,1,3,J00011,続いていくSTORY (Symphonic Version feat. Karin),,https://helloproject.com/juicejuice/release/6261/
L00020,1,1,J00007,ポップミュージック,,https://helloproject.com/juicejuice/release/6261/
L00020,1,2,J00008,好きって言ってよ,,https://helloproject.com/juicejuice/release/6261/
L00020,1,3,J00011,続いていくSTORY (Symphonic Version feat. Karin),,https://helloproject.com/juicejuice/release/6261/
L00020,1,4,J00009,Borderline,,https://helloproject.com/juicejuice/release/6261/
L00021,1,1,J00007,ポップミュージック,,https://helloproject.com/juicejuice/release/6261/
L00021,1,2,J00008,好きって言ってよ,,https://helloproject.com/juicejuice/release/6261/
L00021,1,3,J00011,続いていくSTORY (Symphonic Version feat. Karin),,https://helloproject.com/juicejuice/release/6261/
L00021,1,4,J00010,Va-Va-Voom,,https://helloproject.com/juicejuice/release/6261/
L00022,1,1,J00012,DOWN TOWN,,https://helloproject.com/juicejuice/release/detail/HKCN-50646/
L00022,1,2,J00013,がんばれないよ,,https://helloproject.com/juicejuice/release/detail/HKCN-50646/
L00023,1,1,J00012,DOWN TOWN,,https://helloproject.com/juicejuice/release/detail/HKCN-50646/
L00023,1,2,J00013,がんばれないよ,,https://helloproject.com/juicejuice/release/detail/HKCN-50646/
L00024,1,1,J00012,DOWN TOWN,,https://helloproject.com/juicejuice/release/detail/HKCN-50646/
L00024,1,2,J00013,がんばれないよ,,https://helloproject.com/juicejuice/release/detail/HKCN-50646/
L00025,1,1,J00012,DOWN TOWN,,https://helloproject.com/juicejuice/release/detail/HKCN-50646/
L00025,1,2,J00013,がんばれないよ,,https://helloproject.com/juicejuice/release/detail/HKCN-50646/
L00026,1,1,J00012,DOWN TOWN,,https://helloproject.com/juicejuice/release/detail/HKCN-50646/
L00026,1,2,J00013,がんばれないよ,,https://helloproject.com/juicejuice/release/detail/HKCN-50646/
L00027,1,1,J00012,DOWN TOWN,,https://helloproject.com/juicejuice/release/detail/HKCN-50646/
L00027,1,2,J00013,がんばれないよ,,https://helloproject.com/juicejuice/release/detail/HKCN-50646/
L00028,1,1,J00012,DOWN TOWN,,https://helloproject.com/juicejuice/release/detail/UFDL-1473/
L00028,1,2,J00013,がんばれないよ,,https://helloproject.com/juicejuice/release/detail/UFDL-1473/
L00028,1,3,J00029,がんばれないよ(金澤朋子 ソロVer.),,https://helloproject.com/juicejuice/release/detail/UFDL-1473/
L00028,1,4,J00030,がんばれないよ(植村あかり ソロVer.),,https://helloproject.com/juicejuice/release/detail/UFDL-1473/
L00028,1,5,J00031,がんばれないよ(稲場愛香 ソロVer.),,https://helloproject.com/juicejuice/release/detail/UFDL-1473/
L00028,1,6,J00032,がんばれないよ(井上玲音 ソロVer.),,https://helloproject.com/juicejuice/release/detail/UFDL-1473/
L00028,1,7,J00033,がんばれないよ(段原瑠々 ソロVer.),,https://helloproject.com/juicejuice/release/detail/UFDL-1473/
L00028,1,8,J00034,がんばれないよ(工藤由愛 ソロVer.),,https://helloproject.com/juicejuice/release/detail/UFDL-1473/
L00028,1,9,J00035,がんばれないよ(松永里愛 ソロVer.),,https://helloproject.com/juicejuice/release/detail/UFDL-1473/
L00029,1,1,J00014,プラスティック・ラブ,,https://helloproject.com/juicejuice/release/6613/
L00029,1,2,J00015,Familia,,https://helloproject.com/juicejuice/release/6613/
L00029,1,3,J00016,Future Smile,,https://helloproject.com/juicejuice/release/6613/
L00030,1,1,J00014,プラスティック・ラブ,,https://helloproject.com/juicejuice/release/6613/
L00030,1,2,J00015,Familia,,https://helloproject.com/juicejuice/release/6613/
L00030,1,3,J00016,Future Smile,,https://helloproject.com/juicejuice/release/6613/
L00031,1,1,J00014,プラスティック・ラブ,,https://helloproject.com/juicejuice/release/6613/
L00031,1,2,J00015,Familia,,https://helloproject.com/juicejuice/release/6613/
L00031,1,3,J00016,Future Smile,,https://helloproject.com/juicejuice/release/6613/
L00032,1,1,J00014,プラスティック・ラブ,,https://helloproject.com/juicejuice/release/6613/
L00032,1,2,J00015,Familia,,https://helloproject.com/juicejuice/release/6613/
L00032,1,3,J00016,Future Smile,,https://helloproject.com/juicejuice/release/6613/
L00033,1,1,J00014,プラスティック・ラブ,,https://helloproject.com/juicejuice/release/6613/
L00033,1,2,J00015,Familia,,https://helloproject.com/juicejuice/release/6613/
L00033,1,3,J00016,Future Smile,,https://helloproject.com/juicejuice/release/6613/
L00034,1,1,J00014,プラスティック・ラブ,,https://helloproject.com/juicejuice/release/6613/
L00034,1,2,J00015,Familia,,https://helloproject.com/juicejuice/release/6613/
L00034,1,3,J00016,Future Smile,,https://helloproject.com/juicejuice/release/6613/
L00035,1,1,J00014,プラスティック・ラブ,,https://helloproject.com/juicejuice/release/6613/
L00035,1,2,J00015,Familia,,https://helloproject.com/juicejuice/release/6613/
L00035,1,3,J00016,Future Smile,,https://helloproject.com/juicejuice/release/6613/
L00036,1,1,J00014,プラスティック・ラブ,,https://helloproject.com/juicejuice/release/6613/
L00036,1,2,J00015,Familia,,https://helloproject.com/juicejuice/release/6613/
L00036,1,3,J00016,Future Smile,,https://helloproject.com/juicejuice/release/6613/
L00037,1,1,J00014,プラスティック・ラブ,,https://helloproject.com/juicejuice/release/6613/
L00037,1,2,J00015,Familia,,https://helloproject.com/juicejuice/release/6613/
L00037,1,3,J00016,Future Smile,,https://helloproject.com/juicejuice/release/6613/
L00038,1,1,J00036,私が言う前に抱きしめなきゃね,,https://helloproject.com/release/2210/
L00039,1,1,J00037,五月雨美女がさ乱れる,,https://helloproject.com/release/2211/
L00040,1,1,H00001,天まで登れ！,ハロプロ研修生 feat. Juice=Juice版。,https://helloproject.com/release/2212/
L00040,1,2,J00038,天まで登れ！,Juice=Juice版。,https://helloproject.com/release/2212/
L00041,1,1,J00039,ロマンスの途中,,https://helloproject.com/release/1656/
L00041,1,2,J00040,私が言う前に抱きしめなきゃね(MEMORIAL EDIT),,https://helloproject.com/release/1656/
L00041,1,3,J00041,五月雨美女がさ乱れる(MEMORIAL EDIT),,https://helloproject.com/release/1656/
L00042,1,1,J00039,ロマンスの途中,,https://helloproject.com/release/1656/
L00042,1,2,J00040,私が言う前に抱きしめなきゃね(MEMORIAL EDIT),,https://helloproject.com/release/1656/
L00042,1,3,J00041,五月雨美女がさ乱れる(MEMORIAL EDIT),,https://helloproject.com/release/1656/
L00043,1,1,J00039,ロマンスの途中,,https://helloproject.com/release/1656/
L00043,1,2,J00040,私が言う前に抱きしめなきゃね(MEMORIAL EDIT),,https://helloproject.com/release/1656/
L00043,1,3,J00041,五月雨美女がさ乱れる(MEMORIAL EDIT),,https://helloproject.com/release/1656/
L00044,1,1,J00039,ロマンスの途中,,https://helloproject.com/release/1656/
L00044,1,2,J00040,私が言う前に抱きしめなきゃね(MEMORIAL EDIT),,https://helloproject.com/release/1656/
L00044,1,3,J00041,五月雨美女がさ乱れる(MEMORIAL EDIT),,https://helloproject.com/release/1656/
L00045,1,1,J00039,ロマンスの途中,,https://helloproject.com/release/1656/
L00045,1,2,J00040,私が言う前に抱きしめなきゃね(MEMORIAL EDIT),,https://helloproject.com/release/1656/
L00045,1,3,J00041,五月雨美女がさ乱れる(MEMORIAL EDIT),,https://helloproject.com/release/1656/
L00046,1,1,J00039,ロマンスの途中,,https://helloproject.com/release/1656/
L00046,1,2,J00040,私が言う前に抱きしめなきゃね(MEMORIAL EDIT),,https://helloproject.com/release/1656/
L00046,1,3,J00041,五月雨美女がさ乱れる(MEMORIAL EDIT),,https://helloproject.com/release/1656/
L00047,1,1,J00042,イジワルしないで 抱きしめてよ,,https://helloproject.com/release/1667/
L00047,1,2,J00043,初めてを経験中,,https://helloproject.com/release/1667/
L00048,1,1,J00042,イジワルしないで 抱きしめてよ,,https://helloproject.com/release/1667/
L00048,1,2,J00043,初めてを経験中,,https://helloproject.com/release/1667/
L00049,1,1,J00042,イジワルしないで 抱きしめてよ,,https://helloproject.com/release/1667/
L00049,1,2,J00043,初めてを経験中,,https://helloproject.com/release/1667/
L00050,1,1,J00042,イジワルしないで 抱きしめてよ,,https://helloproject.com/release/1667/
L00050,1,2,J00043,初めてを経験中,,https://helloproject.com/release/1667/
L00051,1,1,J00042,イジワルしないで 抱きしめてよ,,https://helloproject.com/release/1667/
L00051,1,2,J00043,初めてを経験中,,https://helloproject.com/release/1667/
L00052,1,1,J00042,イジワルしないで 抱きしめてよ,,https://helloproject.com/release/1667/
L00052,1,2,J00043,初めてを経験中,,https://helloproject.com/release/1667/
L00053,1,1,J00044,裸の裸の裸のKISS,,https://helloproject.com/release/8/
L00053,1,2,J00045,アレコレしたい！,,https://helloproject.com/release/8/
L00054,1,1,J00045,アレコレしたい！,,https://helloproject.com/release/8/
L00054,1,2,J00044,裸の裸の裸のKISS,,https://helloproject.com/release/8/
L00055,1,1,J00044,裸の裸の裸のKISS,,https://helloproject.com/release/8/
L00055,1,2,J00045,アレコレしたい！,,https://helloproject.com/release/8/
L00056,1,1,J00044,裸の裸の裸のKISS,,https://helloproject.com/release/8/
L00056,1,2,J00045,アレコレしたい！,,https://helloproject.com/release/8/
L00057,1,1,J00045,アレコレしたい！,,https://helloproject.com/release/8/
L00057,1,2,J00044,裸の裸の裸のKISS,,https://helloproject.com/release/8/
L00058,1,1,J00046,ブラックバタフライ,,https://helloproject.com/release/2277/
L00058,1,2,J00047,風に吹かれて,,https://helloproject.com/release/2277/
L00059,1,1,J00047,風に吹かれて,,https://helloproject.com/release/2277/
L00059,1,2,J00046,ブラックバタフライ,,https://helloproject.com/release/2277/
L00060,1,1,J00046,ブラックバタフライ,,https://helloproject.com/release/2277/
L00060,1,2,J00047,風に吹かれて,,https://helloproject.com/release/2277/
L00061,1,1,J00047,風に吹かれて,,https://helloproject.com/release/2277/
L00061,1,2,J00046,ブラックバタフライ,,https://helloproject.com/release/2277/
L00062,1,1,J00046,ブラックバタフライ,,https://helloproject.com/release/2277/
L00062,1,2,J00047,風に吹かれて,,https://helloproject.com/release/2277/
L00063,1,1,J00047,風に吹かれて,,https://helloproject.com/release/2277/
L00063,1,2,J00046,ブラックバタフライ,,https://helloproject.com/release/2277/
L00064,1,1,J00048,背伸び,,https://helloproject.com/release/2371/
L00064,1,2,J00049,伊達じゃないよ うちの人生は,,https://helloproject.com/release/2371/
L00065,1,1,J00049,伊達じゃないよ うちの人生は,,https://helloproject.com/release/2371/
L00065,1,2,J00048,背伸び,,https://helloproject.com/release/2371/
L00066,1,1,J00048,背伸び,,https://helloproject.com/release/2371/
L00066,1,2,J00049,伊達じゃないよ うちの人生は,,https://helloproject.com/release/2371/
L00067,1,1,J00049,伊達じゃないよ うちの人生は,,https://helloproject.com/release/2371/
L00067,1,2,J00048,背伸び,,https://helloproject.com/release/2371/
L00068,1,1,J00048,背伸び,,https://helloproject.com/release/2371/
L00068,1,2,J00049,伊達じゃないよ うちの人生は,,https://helloproject.com/release/2371/
L00069,1,1,J00049,伊達じゃないよ うちの人生は,,https://helloproject.com/release/2371/
L00069,1,2,J00048,背伸び,,https://helloproject.com/release/2371/
L00070,1,1,J00050,Wonderful World,,https://helloproject.com/release/4094/
L00070,1,2,J00051,Ça va ? Ça va ?,,https://helloproject.com/release/4094/
L00071,1,1,J00051,Ça va ? Ça va ?,,https://helloproject.com/release/4094/
L00071,1,2,J00050,Wonderful World,,https://helloproject.com/release/4094/
L00072,1,1,J00050,Wonderful World,,https://helloproject.com/release/4094/
L00072,1,2,J00051,Ça va ? Ça va ?,,https://helloproject.com/release/4094/
L00073,1,1,J00051,Ça va ? Ça va ?,,https://helloproject.com/release/4094/
L00073,1,2,J00050,Wonderful World,,https://helloproject.com/release/4094/
L00074,1,1,J00050,Wonderful World,,https://helloproject.com/release/4094/
L00074,1,2,J00051,Ça va ? Ça va ?,,https://helloproject.com/release/4094/
L00075,1,1,J00051,Ça va ? Ça va ?,,https://helloproject.com/release/4094/
L00075,1,2,J00050,Wonderful World,,https://helloproject.com/release/4094/
L00076,1,1,J00038,天まで登れ！,,https://helloproject.com/release/4204/
L00076,1,2,J00039,ロマンスの途中,,https://helloproject.com/release/4204/
L00076,1,3,J00040,私が言う前に抱きしめなきゃね(MEMORIAL EDIT),,https://helloproject.com/release/4204/
L00076,1,4,J00041,五月雨美女がさ乱れる(MEMORIAL EDIT),,https://helloproject.com/release/4204/
L00076,1,5,J00042,イジワルしないで 抱きしめてよ,,https://helloproject.com/release/4204/
L00076,1,6,J00043,初めてを経験中,,https://helloproject.com/release/4204/
L00076,1,7,J00044,裸の裸の裸のKISS,,https://helloproject.com/release/4204/
L00076,1,8,J00045,アレコレしたい！,,https://helloproject.com/release/4204/
L00076,1,9,J00046,ブラックバタフライ,,https://helloproject.com/release/4204/
L00076,1,10,J00047,風に吹かれて,,https://helloproject.com/release/4204/
L00076,1,11,J00048,背伸び,,https://helloproject.com/release/4204/
L00076,1,12,J00049,伊達じゃないよ うちの人生は,,https://helloproject.com/release/4204/
L00076,2,1,J00050,Wonderful World,,https://helloproject.com/release/4204/
L00076,2,2,J00052,CHOICE & CHANCE,,https://helloproject.com/release/4204/
L00076,2,3,J00053,愛・愛・傘,,https://helloproject.com/release/4204/
L00076,2,4,J00054,生まれたてのBaby Love,,https://helloproject.com/release/4204/
L00076,2,5,J00055,選ばれし私達,,https://helloproject.com/release/4204/
L00076,2,6,J00051,Ça va ? Ça va ?(サヴァサヴァ),,https://helloproject.com/release/4204/
L00076,2,7,J00056,GIRLS BE AMBITIOUS,,https://helloproject.com/release/4204/
L00076,2,8,J00057,愛のダイビング,,https://helloproject.com/release/4204/
L00076,2,9,J00058,チクタク 私の旬,,https://helloproject.com/release/4204/
L00076,2,10,J00059,未来へ、さあ走り出せ！,,https://helloproject.com/release/4204/
L00076,2,11,J00060,続いていくSTORY,,https://helloproject.com/release/4204/
L00077,1,1,J00038,天まで登れ！,,https://helloproject.com/release/4204/
L00077,1,2,J00039,ロマンスの途中,,https://helloproject.com/release/4204/
L00077,1,3,J00040,私が言う前に抱きしめなきゃね(MEMORIAL EDIT),,https://helloproject.com/release/4204/
L00077,1,4,J00041,五月雨美女がさ乱れる(MEMORIAL EDIT),,https://helloproject.com/release/4204/
L00077,1,5,J00042,イジワルしないで 抱きしめてよ,,https://helloproject.com/release/4204/
L00077,1,6,J00043,初めてを経験中,,https://helloproject.com/release/4204/
L00077,1,7,J00044,裸の裸の裸のKISS,,https://helloproject.com/release/4204/
L00077,1,8,J00045,アレコレしたい！,,https://helloproject.com/release/4204/
L00077,1,9,J00046,ブラックバタフライ,,https://helloproject.com/release/4204/
L00077,1,10,J00047,風に吹かれて,,https://helloproject.com/release/4204/
L00077,1,11,J00048,背伸び,,https://helloproject.com/release/4204/
L00077,1,12,J00049,伊達じゃないよ うちの人生は,,https://helloproject.com/release/4204/
L00077,2,1,J00050,Wonderful World,,https://helloproject.com/release/4204/
L00077,2,2,J00052,CHOICE & CHANCE,,https://helloproject.com/release/4204/
L00077,2,3,J00053,愛・愛・傘,,https://helloproject.com/release/4204/
L00077,2,4,J00054,生まれたてのBaby Love,,https://helloproject.com/release/4204/
L00077,2,5,J00055,選ばれし私達,,https://helloproject.com/release/4204/
L00077,2,6,J00051,Ça va ? Ça va ?(サヴァサヴァ),,https://helloproject.com/release/4204/
L00077,2,7,J00056,GIRLS BE AMBITIOUS,,https://helloproject.com/release/4204/
L00077,2,8,J00057,愛のダイビング,,https://helloproject.com/release/4204/
L00077,2,9,J00058,チクタク 私の旬,,https://helloproject.com/release/4204/
L00077,2,10,J00059,未来へ、さあ走り出せ！,,https://helloproject.com/release/4204/
L00077,2,11,J00060,続いていくSTORY,,https://helloproject.com/release/4204/
L00078,1,1,J00038,天まで登れ！,,https://helloproject.com/release/4204/
L00078,1,2,J00039,ロマンスの途中,,https://helloproject.com/release/4204/
L00078,1,3,J00040,私が言う前に抱きしめなきゃね(MEMORIAL EDIT),,https://helloproject.com/release/4204/
L00078,1,4,J00041,五月雨美女がさ乱れる(MEMORIAL EDIT),,https://helloproject.com/release/4204/
L00078,1,5,J00042,イジワルしないで 抱きしめてよ,,https://helloproject.com/release/4204/
L00078,1,6,J00043,初めてを経験中,,https://helloproject.com/release/4204/
L00078,1,7,J00044,裸の裸の裸のKISS,,https://helloproject.com/release/4204/
L00078,1,8,J00045,アレコレしたい！,,https://helloproject.com/release/4204/
L00078,1,9,J00046,ブラックバタフライ,,https://helloproject.com/release/4204/
L00078,1,10,J00047,風に吹かれて,,https://helloproject.com/release/4204/
L00078,1,11,J00048,背伸び,,https://helloproject.com/release/4204/
L00078,1,12,J00049,伊達じゃないよ うちの人生は,,https://helloproject.com/release/4204/
L00078,2,1,J00050,Wonderful World,,https://helloproject.com/release/4204/
L00078,2,2,J00052,CHOICE & CHANCE,,https://helloproject.com/release/4204/
L00078,2,3,J00053,愛・愛・傘,,https://helloproject.com/release/4204/
L00078,2,4,J00054,生まれたてのBaby Love,,https://helloproject.com/release/4204/
L00078,2,5,J00055,選ばれし私達,,https://helloproject.com/release/4204/
L00078,2,6,J00051,Ça va ? Ça va ?(サヴァサヴァ),,https://helloproject.com/release/4204/
L00078,2,7,J00056,GIRLS BE AMBITIOUS,,https://helloproject.com/release/4204/
L00078,2,8,J00057,愛のダイビング,,https://helloproject.com/release/4204/
L00078,2,9,J00058,チクタク 私の旬,,https://helloproject.com/release/4204/
L00078,2,10,J00059,未来へ、さあ走り出せ！,,https://helloproject.com/release/4204/
L00078,2,11,J00060,続いていくSTORY,,https://helloproject.com/release/4204/
L00078,3,1,J00061,Magic of Love(J=J 2015Ver.),,https://helloproject.com/release/4204/
L00078,3,2,J00062,香水(J=J 2015Ver.),,https://helloproject.com/release/4204/
L00078,3,3,J00063,鳴り始めた恋のBELL,,https://helloproject.com/release/4204/
L00078,3,4,J00064,スクランブル,,https://helloproject.com/release/4204/
L00078,3,5,J00065,BABY! 恋に KNOCK OUT!,,https://helloproject.com/release/4204/
L00078,3,6,J00066,ラストキッス,,https://helloproject.com/release/4204/
