song_id,creator_id,role,credit_name,credit_order,source_url
J00001,C00001,lyrics,山崎あおい,1,https://helloproject.com/release/detail/HKCN-50580/?pc=1
J00001,C00002,composition,KOUGA,1,https://helloproject.com/release/detail/HKCN-50580/?pc=1
J00001,C00002,arrangement,KOUGA,1,https://helloproject.com/release/detail/HKCN-50580/?pc=1
J00002,C00003,lyrics,中島卓偉,1,https://helloproject.com/release/detail/HKCN-50580/?pc=1
J00002,C00003,composition,中島卓偉,1,https://helloproject.com/release/detail/HKCN-50580/?pc=1
J00002,C00032,arrangement,浜田ピエール裕介,1,https://helloproject.com/release/detail/HKCN-50580/?pc=1
J00003,C00004,lyrics,三浦徳子,1,https://helloproject.com/release/detail/HKCN-50580/?pc=1
J00003,C00002,composition,KOUGA,1,https://helloproject.com/release/detail/HKCN-50580/?pc=1
J00003,C00005,arrangement,炭竃智弘,1,https://helloproject.com/release/detail/HKCN-50580/?pc=1
J00004,C00001,lyrics,山崎あおい,1,https://helloproject.com/release/detail/HKCN-50610/?pc=1
J00004,C00001,composition,山崎あおい,1,https://helloproject.com/release/detail/HKCN-50610/?pc=1
J00004,C00001,arrangement,山崎あおい,1,https://helloproject.com/release/detail/HKCN-50610/?pc=1
J00005,C00006,lyrics,児玉雨子,1,https://helloproject.com/release/detail/HKCN-50610/?pc=1
J00005,C00002,composition,KOUGA,1,https://helloproject.com/release/detail/HKCN-50610/?pc=1
J00005,C00002,arrangement,KOUGA,1,https://helloproject.com/release/detail/HKCN-50610/?pc=1
J00006,C00001,lyrics,山崎あおい,1,https://helloproject.com/juicejuice/release/6692/
J00006,C00001,composition,山崎あおい,1,https://helloproject.com/juicejuice/release/6692/
J00006,C00001,arrangement,山崎あおい,1,https://helloproject.com/juicejuice/release/6692/
J00007,C00007,lyrics,KAN,1,https://helloproject.com/juicejuice/release/6692/
J00007,C00007,composition,KAN,1,https://helloproject.com/juicejuice/release/6692/
J00007,C00005,arrangement,炭竃智弘,1,https://helloproject.com/juicejuice/release/6692/
J00008,C00001,lyrics,山崎あおい,1,https://helloproject.com/juicejuice/release/6692/
J00008,C00001,composition,山崎あおい,1,https://helloproject.com/juicejuice/release/6692/
J00008,C00001,arrangement,山崎あおい,1,https://helloproject.com/juicejuice/release/6692/
J00009,C00008,lyrics,星部ショウ,1,https://helloproject.com/juicejuice/release/6692/
J00009,C00008,composition,星部ショウ,1,https://helloproject.com/juicejuice/release/6692/
J00009,C00009,arrangement,平田祥一郎,1,https://helloproject.com/juicejuice/release/6692/
J00010,C00006,lyrics,児玉雨子,1,https://helloproject.com/juicejuice/release/6692/
J00010,C00010,composition,Shusui,1,https://helloproject.com/juicejuice/release/6692/
J00010,C00011,composition,Josef Melin,2,https://helloproject.com/juicejuice/release/6692/
J00010,C00011,arrangement,Josef Melin,1,https://helloproject.com/juicejuice/release/6692/
J00011,C00012,lyrics,近藤薫,1,https://helloproject.com/juicejuice/release/6692/
J00011,C00012,composition,近藤薫,1,https://helloproject.com/juicejuice/release/6692/
J00011,C00013,arrangement,上杉洋史,1,https://helloproject.com/juicejuice/release/6692/
J00012,C00014,lyrics,伊藤銀次,1,https://helloproject.com/juicejuice/release/6692/
J00012,C00015,composition,山下達郎,1,https://helloproject.com/juicejuice/release/6692/
J00012,C00016,arrangement,Anders Dannvik,1,https://helloproject.com/juicejuice/release/6692/
J00013,C00001,lyrics,山崎あおい,1,https://helloproject.com/juicejuice/release/detail/HKCN-50646/
J00013,C00002,composition,KOUGA,1,https://helloproject.com/juicejuice/release/detail/HKCN-50646/
J00013,C00002,arrangement,KOUGA,1,https://helloproject.com/juicejuice/release/detail/HKCN-50646/
J00014,C00017,lyrics,竹内まりや,1,https://helloproject.com/juicejuice/release/6692/
J00014,C00017,composition,竹内まりや,1,https://helloproject.com/juicejuice/release/6692/
J00014,C00016,arrangement,Anders Dannvik,1,https://helloproject.com/juicejuice/release/6692/
J00015,C00031,lyrics,イイジマケン,1,https://helloproject.com/juicejuice/release/6613/
J00015,C00010,composition,Shusui,1,https://helloproject.com/juicejuice/release/6613/
J00015,C00033,composition,Shim Zeyun,2,https://helloproject.com/juicejuice/release/6613/
J00015,C00034,composition,tsubomi,3,https://helloproject.com/juicejuice/release/6613/
J00015,C00035,arrangement,鈴木俊介,1,https://helloproject.com/juicejuice/release/6613/
J00016,C00019,lyrics,大森祥子,1,https://helloproject.com/juicejuice/release/6692/
J00016,C00010,composition,Shusui,1,https://helloproject.com/juicejuice/release/6692/
J00016,C00011,composition,Josef Melin,2,https://helloproject.com/juicejuice/release/6692/
J00016,C00011,arrangement,Josef Melin,1,https://helloproject.com/juicejuice/release/6692/
J00017,C00020,lyrics,NOBE,1,https://helloproject.com/juicejuice/release/6692/
J00017,C00003,composition,中島卓偉,1,https://helloproject.com/juicejuice/release/6692/
J00017,C00003,arrangement,中島卓偉,1,https://helloproject.com/juicejuice/release/6692/
J00018,C00001,lyrics,山崎あおい,1,https://helloproject.com/juicejuice/release/6692/
J00018,C00021,composition,Andreas Öhrn,1,https://helloproject.com/juicejuice/release/6692/
J00018,C00022,composition,Henrik Smith,2,https://helloproject.com/juicejuice/release/6692/
J00018,C00023,composition,Olof Lindskog,3,https://helloproject.com/juicejuice/release/6692/
J00018,C00023,arrangement,Olof Lindskog,1,https://helloproject.com/juicejuice/release/6692/
J00019,C00006,lyrics,児玉雨子,1,https://helloproject.com/juicejuice/release/6692/
J00019,C00002,composition,KOUGA,1,https://helloproject.com/juicejuice/release/6692/
J00019,C00002,arrangement,KOUGA,1,https://helloproject.com/juicejuice/release/6692/
J00020,C00024,lyrics,オオヤギヒロオ,1,https://helloproject.com/juicejuice/release/6692/
J00020,C00011,composition,Josef Melin,1,https://helloproject.com/juicejuice/release/6692/
J00020,C00011,arrangement,Josef Melin,1,https://helloproject.com/juicejuice/release/6692/
J00021,C00026,lyrics,唐沢美帆,1,https://helloproject.com/juicejuice/release/6692/
J00021,C00025,composition,松井寛,1,https://helloproject.com/juicejuice/release/6692/
J00021,C00025,arrangement,松井寛,1,https://helloproject.com/juicejuice/release/6692/
J00022,C00027,lyrics,井筒日美,1,https://helloproject.com/juicejuice/release/6692/
J00022,C00010,composition,Shusui,1,https://helloproject.com/juicejuice/release/6692/
J00022,C00011,composition,Josef Melin,2,https://helloproject.com/juicejuice/release/6692/
J00022,C00011,arrangement,Josef Melin,1,https://helloproject.com/juicejuice/release/6692/
J00023,C00010,lyrics,Shusui,1,https://helloproject.com/juicejuice/release/6692/
J00023,C00010,composition,Shusui,1,https://helloproject.com/juicejuice/release/6692/
J00023,C00011,composition,Josef Melin,2,https://helloproject.com/juicejuice/release/6692/
J00023,C00011,arrangement,Josef Melin,1,https://helloproject.com/juicejuice/release/6692/
J00024,C00006,lyrics,児玉雨子,1,https://helloproject.com/juicejuice/release/6692/
J00024,C00005,composition,炭竃智弘,1,https://helloproject.com/juicejuice/release/6692/
J00024,C00005,arrangement,炭竃智弘,1,https://helloproject.com/juicejuice/release/6692/
J00025,C00004,lyrics,三浦徳子,1,https://helloproject.com/juicejuice/release/6692/
J00025,C00028,composition,つんく,1,https://helloproject.com/juicejuice/release/6692/
J00025,C00029,arrangement,高橋諭一,1,https://helloproject.com/juicejuice/release/6692/
J00026,C00008,lyrics,星部ショウ,1,https://helloproject.com/juicejuice/release/6692/
J00026,C00008,composition,星部ショウ,1,https://helloproject.com/juicejuice/release/6692/
J00026,C00009,arrangement,平田祥一郎,1,https://helloproject.com/juicejuice/release/6692/
J00027,C00006,lyrics,児玉雨子,1,https://helloproject.com/juicejuice/release/6692/
J00027,C00008,composition,星部ショウ,1,https://helloproject.com/juicejuice/release/6692/
J00027,C00030,arrangement,大久保薫,1,https://helloproject.com/juicejuice/release/6692/
J00028,C00012,lyrics,近藤薫,1,https://helloproject.com/juicejuice/release/6692/
J00028,C00012,composition,近藤薫,1,https://helloproject.com/juicejuice/release/6692/
J00028,C00012,arrangement,近藤薫,1,https://helloproject.com/juicejuice/release/6692/
J00029,C00001,lyrics,山崎あおい,1,https://helloproject.com/juicejuice/release/detail/UFDL-1473/
J00029,C00002,composition,KOUGA,1,https://helloproject.com/juicejuice/release/detail/UFDL-1473/
J00029,C00002,arrangement,KOUGA,1,https://helloproject.com/juicejuice/release/detail/UFDL-1473/
J00030,C00001,lyrics,山崎あおい,1,https://helloproject.com/juicejuice/release/detail/UFDL-1473/
J00030,C00002,composition,KOUGA,1,https://helloproject.com/juicejuice/release/detail/UFDL-1473/
J00030,C00002,arrangement,KOUGA,1,https://helloproject.com/juicejuice/release/detail/UFDL-1473/
J00031,C00001,lyrics,山崎あおい,1,https://helloproject.com/juicejuice/release/detail/UFDL-1473/
J00031,C00002,composition,KOUGA,1,https://helloproject.com/juicejuice/release/detail/UFDL-1473/
J00031,C00002,arrangement,KOUGA,1,https://helloproject.com/juicejuice/release/detail/UFDL-1473/
J00032,C00001,lyrics,山崎あおい,1,https://helloproject.com/juicejuice/release/detail/UFDL-1473/
J00032,C00002,composition,KOUGA,1,https://helloproject.com/juicejuice/release/detail/UFDL-1473/
J00032,C00002,arrangement,KOUGA,1,https://helloproject.com/juicejuice/release/detail/UFDL-1473/
J00033,C00001,lyrics,山崎あおい,1,https://helloproject.com/juicejuice/release/detail/UFDL-1473/
J00033,C00002,composition,KOUGA,1,https://helloproject.com/juicejuice/release/detail/UFDL-1473/
J00033,C00002,arrangement,KOUGA,1,https://helloproject.com/juicejuice/release/detail/UFDL-1473/
J00034,C00001,lyrics,山崎あおい,1,https://helloproject.com/juicejuice/release/detail/UFDL-1473/
J00034,C00002,composition,KOUGA,1,https://helloproject.com/juicejuice/release/detail/UFDL-1473/
J00034,C00002,arrangement,KOUGA,1,https://helloproject.com/juicejuice/release/detail/UFDL-1473/
J00035,C00001,lyrics,山崎あおい,1,https://helloproject.com/juicejuice/release/detail/UFDL-1473/
J00035,C00002,composition,KOUGA,1,https://helloproject.com/juicejuice/release/detail/UFDL-1473/
J00035,C00002,arrangement,KOUGA,1,https://helloproject.com/juicejuice/release/detail/UFDL-1473/
J00036,C00028,lyrics,つんく,1,https://helloproject.com/release/2210/
J00036,C00028,composition,つんく,1,https://helloproject.com/release/2210/
J00036,C00009,arrangement,平田祥一郎,1,https://helloproject.com/release/2210/
J00037,C00028,lyrics,つんく,1,https://helloproject.com/release/2211/
J00037,C00028,composition,つんく,1,https://helloproject.com/release/2211/
J00037,C00036,arrangement,板垣祐介,1,https://helloproject.com/release/2211/
J00037,C00035,brass_arrangement,鈴木俊介,1,https://helloproject.com/release/2211/
H00001,C00028,lyrics,つんく,1,https://helloproject.com/release/2212/
H00001,C00028,composition,つんく,1,https://helloproject.com/release/2212/
H00001,C00009,arrangement,平田祥一郎,1,https://helloproject.com/release/2212/
H00001,C00035,brass_arrangement,鈴木俊介,1,https://helloproject.com/release/2212/
J00038,C00028,lyrics,つんく,1,https://helloproject.com/release/2212/
J00038,C00028,composition,つんく,1,https://helloproject.com/release/2212/
J00038,C00009,arrangement,平田祥一郎,1,https://helloproject.com/release/2212/
J00038,C00035,brass_arrangement,鈴木俊介,1,https://helloproject.com/release/2212/
J00039,C00028,lyrics,つんく,1,https://helloproject.com/release/1656/
J00039,C00028,composition,つんく,1,https://helloproject.com/release/1656/
J00039,C00035,arrangement,鈴木俊介,1,https://helloproject.com/release/1656/
J00040,C00028,lyrics,つんく,1,https://helloproject.com/release/1656/
J00040,C00028,composition,つんく,1,https://helloproject.com/release/1656/
J00040,C00009,arrangement,平田祥一郎,1,https://helloproject.com/release/1656/
J00041,C00028,lyrics,つんく,1,https://helloproject.com/release/1656/
J00041,C00028,composition,つんく,1,https://helloproject.com/release/1656/
J00041,C00036,arrangement,板垣祐介,1,https://helloproject.com/release/1656/
J00041,C00035,brass_arrangement,鈴木俊介,1,https://helloproject.com/release/1656/
J00042,C00028,lyrics,つんく,1,https://helloproject.com/release/1667/
J00042,C00028,composition,つんく,1,https://helloproject.com/release/1667/
J00042,C00030,arrangement,大久保薫,1,https://helloproject.com/release/1667/
J00043,C00028,lyrics,つんく,1,https://helloproject.com/release/1667/
J00043,C00028,composition,つんく,1,https://helloproject.com/release/1667/
J00043,C00037,arrangement,AKIRA,1,https://helloproject.com/release/1667/
J00043,C00035,brass_arrangement,鈴木俊介,1,https://helloproject.com/release/1667/
J00044,C00028,lyrics,つんく,1,https://helloproject.com/release/8/
J00044,C00028,composition,つんく,1,https://helloproject.com/release/8/
J00044,C00009,arrangement,平田祥一郎,1,https://helloproject.com/release/8/
J00045,C00028,lyrics,つんく,1,https://helloproject.com/release/8/
J00045,C00028,composition,つんく,1,https://helloproject.com/release/8/
J00045,C00038,arrangement,近藤圭一,1,https://helloproject.com/release/8/
J00046,C00028,lyrics,つんく,1,https://helloproject.com/release/2277/
J00046,C00028,composition,つんく,1,https://helloproject.com/release/2277/
J00046,C00009,arrangement,平田祥一郎,1,https://helloproject.com/release/2277/
J00047,C00028,lyrics,つんく,1,https://helloproject.com/release/2277/
J00047,C00028,composition,つんく,1,https://helloproject.com/release/2277/
J00047,C00009,arrangement,平田祥一郎,1,https://helloproject.com/release/2277/
J00048,C00028,lyrics,つんく,1,https://helloproject.com/release/2371/
J00048,C00028,composition,つんく,1,https://helloproject.com/release/2371/
J00048,C00009,arrangement,平田祥一郎,1,https://helloproject.com/release/2371/
J00049,C00028,lyrics,つんく,1,https://helloproject.com/release/2371/
J00049,C00028,composition,つんく,1,https://helloproject.com/release/2371/
J00049,C00009,arrangement,平田祥一郎,1,https://helloproject.com/release/2371/
J00050,C00031,lyrics,イイジマケン,1,https://helloproject.com/release/4094/
J00050,C00031,composition,イイジマケン,1,https://helloproject.com/release/4094/
J00050,C00039,arrangement,gaokalab,1,https://helloproject.com/release/4094/
J00051,C00004,lyrics,三浦徳子,1,https://helloproject.com/release/4094/
J00051,C00040,composition,川辺ヒロシ,1,https://helloproject.com/release/4094/
J00051,C00041,composition,上田禎,2,https://helloproject.com/release/4094/
J00051,C00042,arrangement,CMJK,1,https://helloproject.com/release/4094/
J00052,C00008,lyrics,星部ショウ,1,https://helloproject.com/release/4204/
J00052,C00008,composition,星部ショウ,1,https://helloproject.com/release/4204/
J00052,C00009,arrangement,平田祥一郎,1,https://helloproject.com/release/4204/
J00053,C00003,lyrics,中島卓偉,1,https://helloproject.com/release/4204/
J00053,C00003,composition,中島卓偉,1,https://helloproject.com/release/4204/
J00053,C00030,arrangement,大久保薫,1,https://helloproject.com/release/4204/
J00054,C00008,lyrics,星部ショウ,1,https://helloproject.com/release/4204/
J00054,C00043,composition,masaaki asada,1,https://helloproject.com/release/4204/
J00054,C00025,arrangement,松井寛,1,https://helloproject.com/release/4204/
J00055,C00028,lyrics,つんく,1,https://helloproject.com/release/4204/
J00055,C00028,composition,つんく,1,https://helloproject.com/release/4204/
J00055,C00044,arrangement,山崎淳,1,https://helloproject.com/release/4204/
J00056,C00003,lyrics,中島卓偉,1,https://helloproject.com/release/4204/
J00056,C00003,composition,中島卓偉,1,https://helloproject.com/release/4204/
J00056,C00003,arrangement,中島卓偉,1,https://helloproject.com/release/4204/
J00056,C00045,arrangement,宮永治郎,2,https://helloproject.com/release/4204/
J00057,C00008,lyrics,星部ショウ,1,https://helloproject.com/release/4204/
J00057,C00008,composition,星部ショウ,1,https://helloproject.com/release/4204/
J00057,C00046,arrangement,土肥真生,1,https://helloproject.com/release/4204/
J00058,C00006,lyrics,児玉雨子,1,https://helloproject.com/release/4204/
J00058,C00008,composition,星部ショウ,1,https://helloproject.com/release/4204/
J00058,C00042,arrangement,CMJK,1,https://helloproject.com/release/4204/
J00059,C00047,lyrics,角田崇徳,1,https://helloproject.com/release/4204/
J00059,C00048,composition,KOJI oba,1,https://helloproject.com/release/4204/
J00059,C00048,arrangement,KOJI oba,1,https://helloproject.com/release/4204/
J00060,C00012,lyrics,近藤薫,1,https://helloproject.com/release/4204/
J00060,C00012,composition,近藤薫,1,https://helloproject.com/release/4204/
J00060,C00012,arrangement,近藤薫,1,https://helloproject.com/release/4204/
J00060,C00049,arrangement,HASSE,2,https://helloproject.com/release/4204/
J00061,C00028,lyrics,つんく,1,https://helloproject.com/release/4204/
J00061,C00028,composition,つんく,1,https://helloproject.com/release/4204/
J00061,C00050,arrangement,村山晋一郎,1,https://helloproject.com/release/4204/
J00062,C00028,lyrics,つんく,1,https://helloproject.com/release/4204/
J00062,C00028,composition,つんく,1,https://helloproject.com/release/4204/
J00062,C00009,arrangement,平田祥一郎,1,https://helloproject.com/release/4204/
J00063,C00028,lyrics,つんく,1,https://helloproject.com/release/4204/
J00063,C00028,composition,つんく,1,https://helloproject.com/release/4204/
J00063,C00025,arrangement,松井寛,1,https://helloproject.com/release/4204/
J00064,C00028,lyrics,つんく,1,https://helloproject.com/release/4204/
J00064,C00028,composition,つんく,1,https://helloproject.com/release/4204/
J00064,C00051,arrangement,鈴木Daichi秀行,1,https://helloproject.com/release/4204/
J00065,C00028,lyrics,つんく,1,https://helloproject.com/release/4204/
J00065,C00028,composition,つんく,1,https://helloproject.com/release/4204/
J00065,C00052,arrangement,小西貴雄,1,https://helloproject.com/release/4204/
J00066,C00028,lyrics,つんく,1,https://helloproject.com/release/4204/
J00066,C00028,composition,つんく,1,https://helloproject.com/release/4204/
J00066,C00052,arrangement,小西貴雄,1,https://helloproject.com/release/4204/
