song_id,work_id,title,version_name,version_type,release_date,notes,source_url,created_at,updated_at
J00001,W00001,微炭酸,,original,2019-02-13,2019-02-13「微炭酸／ポツリと／Good bye & Good luck！」収録音源とterzo収録音源を同一音源として扱う（ユーザー確定判断）。,https://helloproject.com/release/detail/HKCN-50580/?pc=1,2026-09-25T07:31:25+00:00,2026-09-26T16:43:46+00:00
J00002,W00002,ポツリと,,original,2019-02-13,2019-02-13「微炭酸／ポツリと／Good bye & Good luck！」収録音源とterzo収録音源を同一音源として扱う（ユーザー確定判断）。,https://helloproject.com/release/detail/HKCN-50580/?pc=1,2026-09-25T07:31:25+00:00,2026-09-26T16:43:46+00:00
J00003,W00003,Good bye & Good luck！,,original,2019-02-13,2019-02-13「微炭酸／ポツリと／Good bye & Good luck！」収録音源とterzo収録音源を同一音源として扱う（ユーザー確定判断）。,https://helloproject.com/release/detail/HKCN-50580/?pc=1,2026-09-25T07:31:25+00:00,2026-09-26T16:43:46+00:00
J00004,W00004,「ひとりで生きられそう」って それってねえ、褒めているの？,,original,2019-06-05,2019-06-05シングル収録音源とterzo収録音源は公式上いずれもVersion表記がなく、同一音源として扱う。,https://helloproject.com/release/detail/HKCN-50610/?pc=1,2026-09-25T07:31:25+00:00,2026-09-26T17:30:00+00:00
J00005,W00005,25歳永遠説,,original,2019-06-05,2019-06-05シングル収録音源とterzo収録音源は公式上いずれもVersion表記がなく、同一音源として扱う。,https://helloproject.com/release/detail/HKCN-50610/?pc=1,2026-09-25T07:31:25+00:00,2026-09-26T17:30:00+00:00
J00006,W00004,「ひとりで生きられそう」って それってねえ、褒めているの？(New Vocal Ver.),New Vocal Ver.,new_vocal,2019-10-10,パート割りを一新し新メンバーも歌唱する公式New Vocal Ver.。iTunes先行配信日を初出日とする。,https://helloproject.com/juicejuice/release/detail/HKCN-50629/,2026-09-25T07:31:25+00:00,2026-09-27T09:00:11+00:00
J00007,W00006,ポップミュージック,,cover,2020-04-01,KANの既発曲をJuice=Juiceがカバーした音源。公式ニュースでもカバーと確認済み。,https://helloproject.com/juicejuice/release/6261/,2026-09-25T07:31:25+00:00,2026-09-27T11:45:12+00:00
J00008,W00007,好きって言ってよ,,original,2020-04-01,,https://helloproject.com/juicejuice/release/6261/,2026-09-25T07:31:25+00:00,2026-09-27T09:34:05+00:00
J00009,W00008,Borderline,,original,2020-04-01,2020-04-01シングル収録音源とterzo収録音源を同一音源として扱う（ユーザー確定判断）。,https://helloproject.com/juicejuice/release/6261/,2026-09-25T07:31:25+00:00,2026-09-27T09:34:05+00:00
J00010,W00009,Va-Va-Voom,,original,2020-04-01,2020-04-01シングル収録音源とterzo収録音源を同一音源として扱う（ユーザー確定判断）。,https://helloproject.com/juicejuice/release/6261/,2026-09-25T07:31:25+00:00,2026-09-27T09:34:05+00:00
J00011,W00010,続いていくSTORY (Symphonic Version feat. Karin),Symphonic Version feat. Karin,re_recording,2020-04-01,宮本佳林をフィーチャーし、すべて新たに録り直した公式Version。Karin=宮本佳林はユーザー確認により確定。,https://helloproject.com/juicejuice/release/6261/,2026-09-25T07:31:25+00:00,2026-09-27T11:45:12+00:00
J00012,W00011,DOWN TOWN,,cover,2021-04-28,2021-04-28シングル収録音源とterzo収録音源を同一音源として扱う（ユーザー確定判断）。カバー判定もユーザー確認により確定。,https://helloproject.com/juicejuice/release/detail/HKCN-50646/,2026-09-25T07:31:25+00:00,2026-09-29T11:59:27+00:00
J00013,W00012,がんばれないよ,,original,2021-04-28,2021-04-28シングル収録音源とterzo収録音源を同一音源として扱う（ユーザー確定判断）。,https://helloproject.com/juicejuice/release/detail/HKCN-50646/,2026-09-25T07:31:25+00:00,2026-09-29T11:59:27+00:00
J00014,W00013,プラスティック・ラブ,,cover,2021-12-22,カバー判定はユーザー確認により確定。2021年シングル版とterzo収録版は同一音源（ユーザー確定判断）。,https://helloproject.com/juicejuice/release/6613/,2026-09-25T07:31:25+00:00,2026-09-29T12:22:53+00:00
J00015,W00014,Familia,,original,2021-12-22,2021年シングル版とterzo収録版は同一音源（ユーザー確定判断）。terzo初期投入時の作曲・編曲クレジット誤登録を公式情報に基づき訂正。,https://helloproject.com/juicejuice/release/6613/,2026-09-25T07:31:25+00:00,2026-09-29T12:22:53+00:00
J00016,W00015,Future Smile,,original,2021-12-22,2021年シングル版とterzo収録版は同一音源（ユーザー確定判断）。,https://helloproject.com/juicejuice/release/6613/,2026-09-25T07:31:25+00:00,2026-09-29T12:22:53+00:00
J00017,W00016,GIRLS BE AMBITIOUS! 2022,2022,other,,公式Version名を保持。具体的な変更種別は公式情報で未確認。,https://helloproject.com/juicejuice/release/6692/,2026-09-25T07:31:25+00:00,2026-09-25T07:31:25+00:00
J00018,W00017,POPPIN' LOVE,,original,,初出日および過去release収録音源との同一性は未確認。,https://helloproject.com/juicejuice/release/6692/,2026-09-25T07:31:25+00:00,2026-09-25T07:31:25+00:00
J00019,W00018,STAGE～アガッてみな～,,original,,初出日および過去release収録音源との同一性は未確認。,https://helloproject.com/juicejuice/release/6692/,2026-09-25T07:31:25+00:00,2026-09-25T07:31:25+00:00
J00020,W00019,Mon Amour,,original,,初出日および過去release収録音源との同一性は未確認。,https://helloproject.com/juicejuice/release/6692/,2026-09-25T07:31:25+00:00,2026-09-25T07:31:25+00:00
J00021,W00020,ノクチルカ,,original,,初出日および過去release収録音源との同一性は未確認。,https://helloproject.com/juicejuice/release/6692/,2026-09-25T07:31:25+00:00,2026-09-25T07:31:25+00:00
J00022,W00021,G.O.A.T.,,original,,初出日および過去release収録音源との同一性は未確認。,https://helloproject.com/juicejuice/release/6692/,2026-09-25T07:31:25+00:00,2026-09-25T07:31:25+00:00
J00023,W00022,雨の中の口笛,,original,,初出日および過去release収録音源との同一性は未確認。,https://helloproject.com/juicejuice/release/6692/,2026-09-25T07:31:25+00:00,2026-09-25T07:31:25+00:00
J00024,W00023,プラトニック・プラネット(Ultimate Juice Ver.),Ultimate Juice Ver.,other,,公式Version名を保持。具体的な変更種別は公式情報で未確認。,https://helloproject.com/juicejuice/release/6692/,2026-09-25T07:31:25+00:00,2026-09-25T07:31:25+00:00
J00025,W00024,生まれたてのBaby Love(2022 ver.),2022 ver.,other,,公式Version名を保持。具体的な変更種別は公式情報で未確認。,https://helloproject.com/juicejuice/release/6692/,2026-09-25T07:31:25+00:00,2026-09-25T07:31:25+00:00
J00026,W00025,CHOICE & CHANCE(2022 ver.),2022 ver.,other,,公式Version名を保持。具体的な変更種別は公式情報で未確認。,https://helloproject.com/juicejuice/release/6692/,2026-09-25T07:31:25+00:00,2026-09-25T07:31:25+00:00
J00027,W00026,Never Never Surrender(2022 ver.),2022 ver.,other,,公式Version名を保持。具体的な変更種別は公式情報で未確認。,https://helloproject.com/juicejuice/release/6692/,2026-09-25T07:31:25+00:00,2026-09-25T07:31:25+00:00
J00028,W00027,Goal～明日はあっちだよ～(Album Version),Album Version,other,,公式Version名を保持。具体的な変更種別は公式情報で未確認。,https://helloproject.com/juicejuice/release/6692/,2026-09-25T07:31:25+00:00,2026-09-25T07:31:25+00:00
J00029,W00012,がんばれないよ(金澤朋子 ソロVer.),金澤朋子 ソロVer.,other,2021-04-28,公式Special Edition収録のソロVersion。再録かは公式情報で確認できないためotherとする。,https://helloproject.com/juicejuice/release/detail/UFDL-1473/,2026-09-29T11:59:27+00:00,2026-09-29T11:59:27+00:00
J00030,W00012,がんばれないよ(植村あかり ソロVer.),植村あかり ソロVer.,other,2021-04-28,公式Special Edition収録のソロVersion。再録かは公式情報で確認できないためotherとする。,https://helloproject.com/juicejuice/release/detail/UFDL-1473/,2026-09-29T11:59:27+00:00,2026-09-29T11:59:27+00:00
J00031,W00012,がんばれないよ(稲場愛香 ソロVer.),稲場愛香 ソロVer.,other,2021-04-28,公式Special Edition収録のソロVersion。再録かは公式情報で確認できないためotherとする。,https://helloproject.com/juicejuice/release/detail/UFDL-1473/,2026-09-29T11:59:27+00:00,2026-09-29T11:59:27+00:00
J00032,W00012,がんばれないよ(井上玲音 ソロVer.),井上玲音 ソロVer.,other,2021-04-28,公式Special Edition収録のソロVersion。再録かは公式情報で確認できないためotherとする。,https://helloproject.com/juicejuice/release/detail/UFDL-1473/,2026-09-29T11:59:27+00:00,2026-09-29T11:59:27+00:00
J00033,W00012,がんばれないよ(段原瑠々 ソロVer.),段原瑠々 ソロVer.,other,2021-04-28,公式Special Edition収録のソロVersion。再録かは公式情報で確認できないためotherとする。,https://helloproject.com/juicejuice/release/detail/UFDL-1473/,2026-09-29T11:59:27+00:00,2026-09-29T11:59:27+00:00
J00034,W00012,がんばれないよ(工藤由愛 ソロVer.),工藤由愛 ソロVer.,other,2021-04-28,公式Special Edition収録のソロVersion。再録かは公式情報で確認できないためotherとする。,https://helloproject.com/juicejuice/release/detail/UFDL-1473/,2026-09-29T11:59:27+00:00,2026-09-29T11:59:27+00:00
J00035,W00012,がんばれないよ(松永里愛 ソロVer.),松永里愛 ソロVer.,other,2021-04-28,公式Special Edition収録のソロVersion。再録かは公式情報で確認できないためotherとする。,https://helloproject.com/juicejuice/release/detail/UFDL-1473/,2026-09-29T11:59:27+00:00,2026-09-29T11:59:27+00:00
J00036,W00028,私が言う前に抱きしめなきゃね,,original,2013-04-03,2013-04-03インディーズ通常版。後発MEMORIAL EDITは同一workの別songとして将来登録する。,https://helloproject.com/release/2210/,2026-10-02T13:18:22+00:00,2026-10-02T13:18:22+00:00
J00037,W00029,五月雨美女がさ乱れる,,original,2013-05-05,2013-05-05インディーズ通常版。後発MEMORIAL EDITは同一workの別songとして将来登録する。,https://helloproject.com/release/2211/,2026-10-03T03:05:32+00:00,2026-10-03T03:05:32+00:00
H00001,W00030,天まで登れ！,,original,2013-06-12,ハロプロ研修生 feat. Juice=Juice版。同日発売のJuice=Juice版とともに異なる歌唱者で成立したoriginal。,https://helloproject.com/release/2212/,2026-10-03T05:42:10+00:00,2026-10-03T05:42:10+00:00
J00038,W00030,天まで登れ！,,original,2013-06-12,Juice=Juice版。同日発売のハロプロ研修生 feat. Juice=Juice版とともに異なる歌唱者で成立したoriginal。,https://helloproject.com/release/2212/,2026-10-03T05:42:10+00:00,2026-10-03T05:42:10+00:00
