song_id,artist_id,role,credit_order,source_url
J00001,G00001,primary,1,https://helloproject.com/juicejuice/release/6692/
J00002,G00001,primary,1,https://helloproject.com/juicejuice/release/6692/
J00003,G00001,primary,1,https://helloproject.com/juicejuice/release/6692/
J00004,G00001,primary,1,https://helloproject.com/juicejuice/release/6692/
J00005,G00001,primary,1,https://helloproject.com/juicejuice/release/6692/
J00006,G00001,primary,1,https://helloproject.com/juicejuice/release/6692/
J00007,G00001,primary,1,https://helloproject.com/juicejuice/release/6692/
J00008,G00001,primary,1,https://helloproject.com/juicejuice/release/6692/
J00009,G00001,primary,1,https://helloproject.com/juicejuice/release/6692/
J00010,G00001,primary,1,https://helloproject.com/juicejuice/release/6692/
J00011,G00001,primary,1,https://helloproject.com/juicejuice/release/6692/
J00012,G00001,primary,1,https://helloproject.com/juicejuice/release/6692/
J00013,G00001,primary,1,https://helloproject.com/juicejuice/release/6692/
J00014,G00001,primary,1,https://helloproject.com/juicejuice/release/6692/
J00015,G00001,primary,1,https://helloproject.com/juicejuice/release/6692/
J00016,G00001,primary,1,https://helloproject.com/juicejuice/release/6692/
J00017,G00001,primary,1,https://helloproject.com/juicejuice/release/6692/
J00018,G00001,primary,1,https://helloproject.com/juicejuice/release/6692/
J00019,G00001,primary,1,https://helloproject.com/juicejuice/release/6692/
J00020,G00001,primary,1,https://helloproject.com/juicejuice/release/6692/
J00021,G00001,primary,1,https://helloproject.com/juicejuice/release/6692/
J00022,G00001,primary,1,https://helloproject.com/juicejuice/release/6692/
J00023,G00001,primary,1,https://helloproject.com/juicejuice/release/6692/
J00024,G00001,primary,1,https://helloproject.com/juicejuice/release/6692/
J00025,G00001,primary,1,https://helloproject.com/juicejuice/release/6692/
J00026,G00001,primary,1,https://helloproject.com/juicejuice/release/6692/
J00027,G00001,primary,1,https://helloproject.com/juicejuice/release/6692/
J00028,G00001,primary,1,https://helloproject.com/juicejuice/release/6692/
J00029,G00001,primary,1,https://helloproject.com/juicejuice/release/detail/UFDL-1473/
J00030,G00001,primary,1,https://helloproject.com/juicejuice/release/detail/UFDL-1473/
J00031,G00001,primary,1,https://helloproject.com/juicejuice/release/detail/UFDL-1473/
J00032,G00001,primary,1,https://helloproject.com/juicejuice/release/detail/UFDL-1473/
J00033,G00001,primary,1,https://helloproject.com/juicejuice/release/detail/UFDL-1473/
J00034,G00001,primary,1,https://helloproject.com/juicejuice/release/detail/UFDL-1473/
J00035,G00001,primary,1,https://helloproject.com/juicejuice/release/detail/UFDL-1473/
J00036,G00001,primary,1,https://helloproject.com/release/2210/
J00037,G00001,primary,1,https://helloproject.com/release/2211/
H00001,G00002,primary,1,https://helloproject.com/release/2212/
H00001,G00001,featured,2,https://helloproject.com/release/2212/
J00038,G00001,primary,1,https://helloproject.com/release/2212/
J00039,G00001,primary,1,https://helloproject.com/release/1656/
J00040,G00001,primary,1,https://helloproject.com/release/1656/
J00041,G00001,primary,1,https://helloproject.com/release/1656/
J00042,G00001,primary,1,https://helloproject.com/release/1667/
J00043,G00001,primary,1,https://helloproject.com/release/1667/
J00044,G00001,primary,1,https://helloproject.com/release/8/
J00045,G00001,primary,1,https://helloproject.com/release/8/
J00046,G00001,primary,1,https://helloproject.com/release/2277/
J00047,G00001,primary,1,https://helloproject.com/release/2277/
J00048,G00001,primary,1,https://helloproject.com/release/2371/
J00049,G00001,primary,1,https://helloproject.com/release/2371/
J00050,G00001,primary,1,https://helloproject.com/release/4094/
J00051,G00001,primary,1,https://helloproject.com/release/4094/
J00052,G00001,primary,1,https://helloproject.com/release/4204/
J00053,G00001,primary,1,https://helloproject.com/release/4204/
J00054,G00001,primary,1,https://helloproject.com/release/4204/
J00055,G00001,primary,1,https://helloproject.com/release/4204/
J00056,G00001,primary,1,https://helloproject.com/release/4204/
J00057,G00001,primary,1,https://helloproject.com/release/4204/
J00058,G00001,primary,1,https://helloproject.com/release/4204/
J00059,G00001,primary,1,https://helloproject.com/release/4204/
J00060,G00001,primary,1,https://helloproject.com/release/4204/
J00061,G00001,primary,1,https://helloproject.com/release/4204/
J00062,G00001,primary,1,https://helloproject.com/release/4204/
J00063,G00001,primary,1,https://helloproject.com/release/4204/
J00064,G00001,primary,1,https://helloproject.com/release/4204/
J00065,G00001,primary,1,https://helloproject.com/release/4204/
J00066,G00001,primary,1,https://helloproject.com/release/4204/
J00067,G00003,primary,1,https://helloproject.com/release/4548/
J00067,G00001,primary,2,https://helloproject.com/release/4548/
J00068,G00001,primary,1,https://helloproject.com/release/4548/
J00069,G00001,primary,1,https://helloproject.com/release/4921/
J00070,G00001,primary,1,https://helloproject.com/release/4921/
J00071,G00001,primary,1,https://helloproject.com/release/4921/
J00072,G00001,primary,1,https://helloproject.com/release/5152/
J00073,G00001,primary,1,https://helloproject.com/release/5152/
J00074,G00001,primary,1,https://helloproject.com/release/5586/
J00075,G00001,primary,1,https://helloproject.com/release/5586/
J00076,G00001,primary,1,https://helloproject.com/release/5586/
J00077,G00001,primary,1,https://helloproject.com/release/5684/
J00078,G00001,primary,1,https://helloproject.com/release/5684/
J00079,G00001,primary,1,https://helloproject.com/release/5684/
J00080,G00001,primary,1,https://helloproject.com/release/5684/
J00081,G00001,primary,1,https://helloproject.com/release/5684/
J00082,G00001,primary,1,https://helloproject.com/release/5684/
J00083,G00001,primary,1,https://helloproject.com/release/5684/
J00084,G00001,primary,1,https://helloproject.com/release/5684/
J00085,G00001,primary,1,https://helloproject.com/release/5684/
J00086,G00001,primary,1,https://helloproject.com/release/5684/
J00087,G00003,primary,1,https://helloproject.com/release/5684/
J00087,G00001,primary,2,https://helloproject.com/release/5684/
J00088,G00001,primary,1,https://helloproject.com/release/5684/
J00089,G00001,primary,1,https://helloproject.com/juicejuice/release/6853/
J00090,G00001,primary,1,https://helloproject.com/juicejuice/release/6853/
J00091,G00001,primary,1,https://helloproject.com/release/6991/
J00092,G00001,primary,1,https://helloproject.com/release/6991/
