song_id,member_id,performer_order,notes,source_url
J00011,P00001,,公式曲名のfeat. Karinとしての参加。人物同定はユーザー確認による。,https://helloproject.com/juicejuice/release/6692/
J00029,P00002,1,公式曲名に明記されたソロVersion歌唱者。,https://helloproject.com/juicejuice/release/detail/UFDL-1473/
J00030,P00003,1,公式曲名に明記されたソロVersion歌唱者。,https://helloproject.com/juicejuice/release/detail/UFDL-1473/
J00031,P00004,1,公式曲名に明記されたソロVersion歌唱者。,https://helloproject.com/juicejuice/release/detail/UFDL-1473/
J00032,P00005,1,公式曲名に明記されたソロVersion歌唱者。,https://helloproject.com/juicejuice/release/detail/UFDL-1473/
J00033,P00006,1,公式曲名に明記されたソロVersion歌唱者。,https://helloproject.com/juicejuice/release/detail/UFDL-1473/
J00034,P00007,1,公式曲名に明記されたソロVersion歌唱者。,https://helloproject.com/juicejuice/release/detail/UFDL-1473/
J00035,P00008,1,公式曲名に明記されたソロVersion歌唱者。,https://helloproject.com/juicejuice/release/detail/UFDL-1473/
J00065,P00009,1,公式albumの個人歌唱creditに基づく。,https://helloproject.com/release/4204/
J00065,P00002,2,公式albumの個人歌唱creditに基づく。,https://helloproject.com/release/4204/
J00065,P00003,3,公式albumの個人歌唱creditに基づく。,https://helloproject.com/release/4204/
J00066,P00010,1,公式albumの個人歌唱creditに基づく。,https://helloproject.com/release/4204/
J00066,P00001,2,公式albumの個人歌唱creditに基づく。,https://helloproject.com/release/4204/
