work_id,title,title_kana,notes,source_url,created_at,updated_at
W00001,微炭酸,,,https://helloproject.com/release/detail/HKCN-50580/?pc=1,2026-09-25T07:31:25+00:00,2026-09-26T16:43:46+00:00
W00002,ポツリと,,,https://helloproject.com/release/detail/HKCN-50580/?pc=1,2026-09-25T07:31:25+00:00,2026-09-26T16:43:46+00:00
W00003,Good bye & Good luck！,,,https://helloproject.com/release/detail/HKCN-50580/?pc=1,2026-09-25T07:31:25+00:00,2026-09-26T16:43:46+00:00
W00004,「ひとりで生きられそう」って それってねえ、褒めているの？,,,https://helloproject.com/release/detail/HKCN-50610/?pc=1,2026-09-25T07:31:25+00:00,2026-09-26T17:30:00+00:00
W00005,25歳永遠説,,,https://helloproject.com/release/detail/HKCN-50610/?pc=1,2026-09-25T07:31:25+00:00,2026-09-26T17:30:00+00:00
W00006,ポップミュージック,,,https://helloproject.com/juicejuice/release/6692/,2026-09-25T07:31:25+00:00,2026-09-25T07:31:25+00:00
W00007,好きって言ってよ,,,https://helloproject.com/juicejuice/release/6692/,2026-09-25T07:31:25+00:00,2026-09-25T07:31:25+00:00
W00008,Borderline,,,https://helloproject.com/juicejuice/release/6692/,2026-09-25T07:31:25+00:00,2026-09-25T07:31:25+00:00
W00009,Va-Va-Voom,,,https://helloproject.com/juicejuice/release/6692/,2026-09-25T07:31:25+00:00,2026-09-25T07:31:25+00:00
W00010,続いていくSTORY,,,https://helloproject.com/juicejuice/release/6692/,2026-09-25T07:31:25+00:00,2026-09-25T07:31:25+00:00
W00011,DOWN TOWN,,ユーザー確認によりカバー作品として確定。原曲songは今回未登録。,https://helloproject.com/juicejuice/release/6692/,2026-09-25T07:31:25+00:00,2026-09-25T07:31:25+00:00
W00012,がんばれないよ,,,https://helloproject.com/juicejuice/release/6692/,2026-09-25T07:31:25+00:00,2026-09-25T07:31:25+00:00
W00013,プラスティック・ラブ,,ユーザー確認によりカバー作品として確定。原曲songは今回未登録。,https://helloproject.com/juicejuice/release/6692/,2026-09-25T07:31:25+00:00,2026-09-25T07:31:25+00:00
W00014,Familia,,,https://helloproject.com/juicejuice/release/6692/,2026-09-25T07:31:25+00:00,2026-09-25T07:31:25+00:00
W00015,Future Smile,,,https://helloproject.com/juicejuice/release/6692/,2026-09-25T07:31:25+00:00,2026-09-25T07:31:25+00:00
W00016,GIRLS BE AMBITIOUS!,,,https://helloproject.com/juicejuice/release/6692/,2026-09-25T07:31:25+00:00,2026-09-25T07:31:25+00:00
W00017,POPPIN' LOVE,,,https://helloproject.com/juicejuice/release/6692/,2026-09-25T07:31:25+00:00,2026-09-25T07:31:25+00:00
W00018,STAGE～アガッてみな～,,,https://helloproject.com/juicejuice/release/6692/,2026-09-25T07:31:25+00:00,2026-09-25T07:31:25+00:00
W00019,Mon Amour,,,https://helloproject.com/juicejuice/release/6692/,2026-09-25T07:31:25+00:00,2026-09-25T07:31:25+00:00
W00020,ノクチルカ,,,https://helloproject.com/juicejuice/release/6692/,2026-09-25T07:31:25+00:00,2026-09-25T07:31:25+00:00
W00021,G.O.A.T.,,,https://helloproject.com/juicejuice/release/6692/,2026-09-25T07:31:25+00:00,2026-09-25T07:31:25+00:00
W00022,雨の中の口笛,,,https://helloproject.com/juicejuice/release/6692/,2026-09-25T07:31:25+00:00,2026-09-25T07:31:25+00:00
W00023,プラトニック・プラネット,,,https://helloproject.com/juicejuice/release/6692/,2026-09-25T07:31:25+00:00,2026-09-25T07:31:25+00:00
W00024,生まれたてのBaby Love,,,https://helloproject.com/juicejuice/release/6692/,2026-09-25T07:31:25+00:00,2026-09-25T07:31:25+00:00
W00025,CHOICE & CHANCE,,,https://helloproject.com/juicejuice/release/6692/,2026-09-25T07:31:25+00:00,2026-09-25T07:31:25+00:00
W00026,Never Never Surrender,,,https://helloproject.com/juicejuice/release/6692/,2026-09-25T07:31:25+00:00,2026-09-25T07:31:25+00:00
W00027,Goal～明日はあっちだよ～,,,https://helloproject.com/juicejuice/release/6692/,2026-09-25T07:31:25+00:00,2026-09-25T07:31:25+00:00
W00028,私が言う前に抱きしめなきゃね,,2013-04-03インディーズ通常版がoriginal。後発MEMORIAL EDITは同一workの別song。,https://helloproject.com/release/2210/,2026-10-02T13:18:22+00:00,2026-10-03T10:46:55+00:00
W00029,五月雨美女がさ乱れる,,2013-05-05インディーズ通常版がoriginal。後発MEMORIAL EDITは同一workの別song。,https://helloproject.com/release/2211/,2026-10-03T03:05:32+00:00,2026-10-03T10:46:55+00:00
W00030,天まで登れ！,,2013-06-12に異なる歌唱者による2つのoriginal songが同時成立。,https://helloproject.com/release/2212/,2026-10-03T05:42:10+00:00,2026-10-03T05:42:10+00:00
W00031,ロマンスの途中,,,https://helloproject.com/release/1656/,2026-10-03T10:46:55+00:00,2026-10-03T10:46:55+00:00
W00032,イジワルしないで 抱きしめてよ,,,https://helloproject.com/release/1667/,2026-10-04T02:43:31+00:00,2026-10-04T02:43:31+00:00
W00033,初めてを経験中,,,https://helloproject.com/release/1667/,2026-10-04T02:43:31+00:00,2026-10-04T02:43:31+00:00
W00034,裸の裸の裸のKISS,,,https://helloproject.com/release/8/,2026-10-04T02:43:31+00:00,2026-10-04T02:43:31+00:00
W00035,アレコレしたい！,,,https://helloproject.com/release/8/,2026-10-04T02:43:31+00:00,2026-10-04T02:43:31+00:00
W00036,ブラックバタフライ,,,https://helloproject.com/release/2277/,2026-10-04T02:43:31+00:00,2026-10-04T02:43:31+00:00
W00037,風に吹かれて,,,https://helloproject.com/release/2277/,2026-10-04T02:43:31+00:00,2026-10-04T02:43:31+00:00
W00038,背伸び,,,https://helloproject.com/release/2371/,2026-10-04T02:43:31+00:00,2026-10-04T02:43:31+00:00
W00039,伊達じゃないよ うちの人生は,,,https://helloproject.com/release/2371/,2026-10-04T02:43:31+00:00,2026-10-04T02:43:31+00:00
W00040,Wonderful World,,,https://helloproject.com/release/4094/,2026-10-04T02:43:31+00:00,2026-10-04T02:43:31+00:00
W00041,Ça va ? Ça va ?(サヴァサヴァ),,,https://helloproject.com/release/4094/,2026-10-04T02:43:31+00:00,2026-10-04T02:43:31+00:00
W00042,愛・愛・傘,,,https://helloproject.com/release/4204/,2026-10-04T11:34:43+00:00,2026-10-04T11:34:43+00:00
W00043,選ばれし私達,,,https://helloproject.com/release/4204/,2026-10-04T11:34:43+00:00,2026-10-04T11:34:43+00:00
W00044,愛のダイビング,,,https://helloproject.com/release/4204/,2026-10-04T11:34:43+00:00,2026-10-04T11:34:43+00:00
W00045,チクタク 私の旬,,,https://helloproject.com/release/4204/,2026-10-04T11:34:43+00:00,2026-10-04T11:34:43+00:00
W00046,未来へ、さあ走り出せ！,,,https://helloproject.com/release/4204/,2026-10-04T11:34:43+00:00,2026-10-04T11:34:43+00:00
W00047,Magic of Love,,,https://helloproject.com/release/4204/,2026-10-04T11:34:43+00:00,2026-10-04T11:34:43+00:00
W00048,香水,,,https://helloproject.com/release/4204/,2026-10-04T11:34:43+00:00,2026-10-04T11:34:43+00:00
W00049,鳴り始めた恋のBELL,,,https://helloproject.com/release/4204/,2026-10-04T11:34:43+00:00,2026-10-04T11:34:43+00:00
W00050,スクランブル,,,https://helloproject.com/release/4204/,2026-10-04T11:34:43+00:00,2026-10-04T11:34:43+00:00
W00051,BABY! 恋に KNOCK OUT!,,,https://helloproject.com/release/4204/,2026-10-04T11:34:43+00:00,2026-10-04T11:34:43+00:00
W00052,ラストキッス,,,https://helloproject.com/release/4204/,2026-10-04T11:34:43+00:00,2026-10-04T11:34:43+00:00
